Sample;Sand;Silt;Clay;pH (H2O);pH (KCl);pH (pH CaCl2);OM (g.kg-1);SOC (g.kg-1);P (mg dm3);K (mmolc/dm3);Ca (mmolc/dm3);Mg (mmolc/dm3);Al (mmolc/dm3);H (mmolc/dm3);H+Al (mmolc/dm3);SB (mmolc/dm3);CEC (mmolc/dm3);V%;Classe V%;m%;s (mg dm3);Na (mg dm3);B (mg dm3);Fe (mg dm3);Cu (mg dm3);Zn (mg dm3);Mn (mg/dm3);Mg;Al;Si;P;S;Cl;k;Ca;Ti;V;Cr;Mn;Fe;Co;Ni;Cu;Zn;As;Se;Rb;Sr;Y;Zr;Nb;Mo;Ag;Cd;Sn;Sb;W;Hg;Pb;Bi;Th;U
25_001;571;19;410;6.2;;5.6;22;12.76102088;;3.6;23;9;0;16;16;35.8;51.8;69.11;Eutrófico;0;7.5;4.1;0.25;43.9;0.6;1.1;;1.88;13.99;16.35;0;0;0;0;0;0.2805;0;0;0.0114;2.7158;0;0;0;0.0025;0;0;0.0016;0.0016;0.0008;0.0343;0.0022;0;0;0;0;0;0;0;0.0012;0;0;0
25_002;438;52;510;5.8;;5.2;31;17.98143852;;1.9;31;11;0;22;22;44.1;66.1;66.72;Eutrófico;0;12.3;4;0.55;42.9;1.2;2.7;;2.06;14.17;15.96;0.037;0;0;0;0;0.3202;0;0;0.0168;2.9614;0;0;0.0022;0.0032;0;0;0.0024;0.0021;0.0009;0.0324;0.0017;0;0;0.0036;0;0;0;0;0.0009;0;0;0
25_003;488;52;460;5.4;;4.8;33;19.14153132;;3.2;36;11;0;33;33;50.4;83.4;60.43;Eutrófico;0;10;4.8;0.38;54.1;1.6;2.2;;2.81;16.4;12.05;0.0288;0;0;0;0;0.963;0;0.0094;0.0116;6.7182;0;0.005;0.0051;0.0027;0.0017;0;0.0022;0.0013;0.0038;0.0632;0.0066;0;0;0;0;0;0;0;0.0016;0;0.0022;0
25_004;488;52;460;6;;5.4;19;11.02088167;;2.5;28;9;0;21;21;39.8;60.8;65.46;Eutrófico;0;10.9;5.8;0.23;28.8;1.7;0.8;;2.65;13.07;16.37;0;0;0;0;0;0.5361;0.0347;0.0157;0.0396;6.9797;0;0.0049;0.0043;0.0035;0.0014;0;0.0104;0.0021;0.0043;0.0411;0.0038;0;0;0;0;0;0;0;0.0029;0;0;0
25_005;538;52;410;5.3;;4.7;22;12.76102088;;3;24;6;0;31;31;33.2;64.2;51.71;Eutrófico;0;12.2;4.8;0.26;69.8;0.7;2.2;;1.84;9.93;6.3;0.089;0;0;0;0;2.2473;0.0606;0;0.078;12.24;0;0.0032;0.0103;0.0054;0;0;0;0.0009;0.0011;0.0373;0.0062;0;0;0;0;0;0;0;0.0015;0;0;0
25_006;455;36;510;6.2;;5.6;38;22.04176334;;3.7;46;14;0;24;24;63.9;87.9;72.7;Eutrófico;0;9.1;5.4;0.2;30.5;1;4.8;;1.69;7.88;22.59;0.029;0;0;0;0;0.2315;0;0;0.0062;0.8686;0;0;0;0;0;0;0;0.0003;0;0.0134;0;0;0;0;0;0;0;0;0;0;0;0
25_007;505;36;460;6.3;;5.7;34;19.72157773;;5.1;46;14;0;20;20;65.3;85.3;76.55;Eutrófico;0;6.4;5;0.46;42.7;1.1;9.2;;1.95;10.33;10.34;0.0331;0;0;0;0;0.6813;0;0.0105;0.0088;4.0056;0;0.003;0.0018;0;0.0009;0;0.0005;0.0022;0.0018;0.0576;0.0028;0;0;0;0;0;0;0;0.0011;0;0;0
25_008;505;36;460;5.5;;4.9;23;13.34106729;;3.2;24;7;0;28;28;34.4;62.4;55.13;Eutrófico;0;16.6;5.7;0.24;45.7;1.5;3.9;;2.18;13.74;12.67;0.0446;0;0;0;0;0.6437;0;0.0074;0.0229;6.0516;0;0.0053;0.0043;0.0043;0;0;0.0018;0.002;0.0019;0.0585;0.0047;0;0;0.0039;0;0;0;0;0.0017;0;0;0
25_009;591;51;357;5.1;;4.5;19;11.02088167;;1.8;17;5;3;26;29;24;53;45.28;Distrófico;11.11;10.9;5.2;0.3;102.2;0.4;1.6;;2.05;14.99;8.12;0.0177;0;0;0;0;0.4847;0;0.0216;0.0139;6.7444;0;0.0051;0.0031;0.0031;0;0;0.0008;0.0005;0;0.0312;0.0025;0;0;0;0;0;0;0;0.0014;0;0;0
25_010;208;84;707;5.9;;5.3;33;19.14153132;;3.8;31;16;0;25;25;51;76;67.11;Eutrófico;0;4.5;4;0.32;32.5;0.7;0.9;;1.97;15.12;8.62;0.0376;0;0;0;0;0.6858;0;0.0105;0.0143;7.3081;0;0.0036;0.0039;0.0037;0;0;0.0005;0.0013;0.001;0.0314;0.0049;0;0;0;0;0;0;0;0.0028;0;0.0021;0
25_011;508;134;357;5.8;;5.2;11;6.380510441;;1.2;23;8;0;17;17;32.5;49.5;65.66;Eutrófico;0;41.5;6.2;0.39;72;1.1;0.7;;2.63;11.64;10.61;0.0215;0;0;0;0;0.575;0.0263;0;0.0177;6.125;0;0.0033;0.0044;0.0034;0.0013;0;0.0102;0.0019;0.004;0.0363;0.004;0;0;0;0;0;0;0;0.0021;0;0;0
25_012;291;101;607;5.1;;4.5;27;15.6612529;;1.6;21;3;5;37;42;25.8;67.8;38.05;Distrófico;16.23;5.4;5.1;0.44;48;0.9;0.5;;2.73;9.79;18.09;0.0286;0;0;0;0;0.3959;0;0;0.0205;2.4452;0;0;0.0026;0.0025;0;0;0.003;0.0026;0.0017;0.043;0.0018;0;0;0.0039;0;0;0;0;0.0008;0;0;0
25_013;408;151;441;5.5;;4.9;21;12.18097448;;1.1;45;8;1;26;27;54.4;81.4;66.83;Eutrófico;1.81;10.3;6.3;0.36;44.8;0.8;0.7;;1.87;15.04;11.61;0;0;0;0;0;0.3103;0;0.0212;0.0208;6.509;0;0.0121;0.0064;0.0059;0;0;0.0075;0.0011;0.0009;0.0175;0.0016;0;0;0;0;0;0;0;0.0035;0;0.005;0.0013
25_014;475;218;307;5.2;;4.6;10;5.800464037;;1.7;19;3;3;13;16;24;40;60;Eutrófico;11.11;4.3;6.9;0.46;72;0.3;0.5;;2.53;14.44;8.03;0.088;0;0;0;0;0.5456;0;0;0;6.4035;0;0;0.0018;0.0014;0;0;0;0.0008;0;0.0262;0.0024;0;0;0;0;0;0;0;0;0;0.0036;0
25_015;308;151;541;5;;4.4;21;12.18097448;;2.3;9;2;5;28;33;13.6;46.6;29.18;Distrófico;26.88;4.4;6.5;0.28;50.3;0.9;0.6;;2.28;13.58;6.18;0.0428;0;0;0;0;0.5557;0.0242;0.0705;0.0374;12.06;0;0.0111;0.0057;0.0038;0;0;0;0.0011;0.0006;0.0211;0.0025;0;0;0;0;0;0;0;0.0014;0.0023;0;0
25_016;345;106;549;5.3;;4.7;32;18.56148492;;2.9;32;11;1;36;37;46.1;83.1;55.48;Eutrófico;2.12;26.8;3.6;0.1;28.2;4.1;3.5;;2.83;15.55;6.72;0.0512;0;0;0;0;0.7959;0.0336;0.0126;0.0153;9.32;0;0.003;0.0049;0.0033;0.0018;0;0.0045;0.002;0.0045;0.0489;0.0053;0;0;0;0;0;0;0;0.0023;0;0.0024;0.0011
25_017;362;89;549;5.4;;4.8;28;16.2412993;;2.5;35;9;0;35;35;46.7;81.7;57.16;Eutrófico;0;74.7;3.9;0.53;16.1;7.7;2.3;;2.45;14.17;10.23;0.0293;0;0;0;0;0.7347;0.0263;0.0132;0.0174;8.13;0;0.006;0.0055;0.0035;0.0012;0;0.0122;0.0014;0.0044;0.0405;0.0052;0;0;0;0;0;0;0;0.0026;0;0;0
25_018;289;105;606;4.8;;4.2;32;18.56148492;;2.5;11;3;11;69;80;16.7;96.7;17.27;Distrófico;39.71;86;4.8;0.33;38.1;4.1;0.9;;2.48;15.97;7.2;0.0224;0;0;0;0;0.8126;0.0301;0.0105;0.0355;10.57;0;0.0081;0.0022;0.0073;0.0028;0;0.0026;0.0016;0.0035;0.0429;0.0059;0;0;0;0;0;0;0;0.0033;0;0.0028;0
25_019;356;88;556;5.4;;4.8;32;18.56148492;;3.1;32;9;1;35;36;44.3;80.3;55.17;Eutrófico;2.21;19.7;4.2;0.29;18.2;4.7;1.9;;2.05;13.06;11.4;0.0254;0;0;0;0;0.4587;0;0;0.0258;6.3058;0;0.0053;0.0079;0.0042;0;0;0.0015;0.0007;0.0014;0.0425;0.002;0;0;0;0;0;0;0;0.0011;0;0;0
25_020;456;55;490;5;;4.4;26;15.0812065;;3.6;18;4;3;40;43;25.8;68.8;37.5;Distrófico;10.42;11.6;4.4;0.09;27.8;2.7;2.4;;2.6;15;6.14;0.033;0;0;0;0.0305;0.7245;0.0294;0.012;0.0625;10.93;0;0.0059;0.0052;0.0066;0.0021;0;0.004;0.0024;0.0052;0.0379;0.0049;0;0;0;0;0;0;0;0.0034;0;0.0021;0
25_021;789;55;156;5.1;;4.5;11;6.380510441;;1.1;8;2;1;16;17;11.3;28.3;39.93;Distrófico;8.13;3.3;4.8;0.1;37.1;0.9;1.3;;2.29;15.64;12.94;0;0;0;0;0;0.3976;0;0.008;0.0085;4.4999;0;0.0042;0.0021;0.0017;0;0;0.002;0.0008;0.0004;0.0276;0.0015;0;0;0;0;0;0;0;0.0016;0;0;0
25_022;272;71;656;5;;4.4;43;24.94199536;;3.6;17;5;5;69;74;25.8;99.8;25.85;Distrófico;16.23;54.7;4.7;0.15;57.6;3.4;1.2;;2.73;16.72;9.33;0.0291;0;0;0;0;0.9435;0.0215;0.0075;0.0267;8.79;0;0.0034;0.003;0.0043;0.0021;0;0.0024;0.0011;0.0042;0.065;0.0066;0;0;0;0;0;0;0;0.0012;0;0.0026;0
25_023;419;20;561;5.2;;4.6;33;19.14153132;;3.4;29;10;1;47;48;42.7;90.7;47.08;Distrófico;2.29;27.8;5.9;0.4;26.6;1.1;1.3;;3.09;19.19;5.33;0.0507;0;0;0;0;0.8025;0.019;0.0082;0.0149;10.08;0;0.0034;0.0032;0.0016;0.0011;0;0.0004;0.0014;0;0.0317;0.0029;0;0;0;0;0;0;0;0.0014;0;0;0
25_024;789;7;204;5.7;;5.1;14;8.120649652;;4.1;8;3;0;18;18;15.3;33.3;45.95;Distrófico;0;4.6;5.2;0.21;79.1;1.3;2.7;;2.28;15.14;10.34;0.098;0;0;0;0;1.0021;0.0235;0;0.0345;8.24;0;0.0053;0;0.0063;0;0;0.003;0.0016;0.0015;0.0374;0.004;0;0;0;0;0;0;0;0.0037;0;0.0031;0.0014
25_025;589;40;370;6.4;;5.8;17;9.860788863;;1.4;18;6;0;14;14;25.7;39.7;64.74;Eutrófico;0;7.5;6;0.22;32.4;0.5;1.1;;2.41;14.47;13.68;0.0736;0;0;0;0;0.6184;0.0393;0.0103;0.0528;4.263;0;0;0.0019;0.0071;0;0;0.0148;0.0132;0.0016;0.0495;0.0041;0;0;0;0;0;0;0;0.0044;0;0;0
25_026;573;40;387;5.7;;5.1;13;7.540603248;;0.7;11;3;0;16;16;15;31;48.39;Distrófico;0;16.3;6;0.17;59.3;0.6;1.9;;2.14;17.24;10;0;0;0;0;0;0.3341;0.0227;0;0.006;4.2597;0;0;0.0016;0.0029;0;0;0.0006;0.0009;0;0.0194;0.0017;0;0;0;0;0;0;0;0.0009;0;0.0016;0
25_028;206;124;670;6.2;;5.6;51;29.58236659;;3.1;69;25;0;30;30;97.3;127.3;76.43;Eutrófico;0;16;4.5;0.37;16.8;0.6;2.4;;1.79;15.28;4.48;0.0371;0;0;0;0;0.9038;0.0336;0.0099;0.008;11.05;0;0;0.0031;0.0018;0.0019;0;0.0023;0.0005;0.004;0.0468;0.0066;0;0;0;0;0;0;0;0.0012;0;0.0022;0
25_029;506;57;437;6;;5.4;19;11.02088167;;3.1;25;9;0;18;18;37.3;55.3;67.45;Eutrófico;0;7.8;5.1;0.44;94.2;4.6;3.5;;2.13;14.04;12.55;0.0189;0;0;0;0;0.4513;0;0.0085;0.0122;4.9573;0;0.0028;0.0016;0.0024;0;0;0.0028;0.0007;0.0011;0.0322;0.003;0;0;0;0;0;0;0;0.001;0;0;0
25_031;506;7;487;5.1;;4.5;46;26.68213457;;2.6;20;6;1;41;42;28.8;70.8;40.68;Distrófico;3.36;8.9;5.1;0.66;27.4;0.7;2.3;;1.92;13.92;10.49;0.0794;0;0;0;0;0.7252;0.0297;0.0083;0.0171;6.2212;0;0.0047;0.0036;0.0063;0;0;0.0008;0.0013;0.0032;0.0314;0.0038;0;0;0;0;0;0;0;0.0017;0;0;0
25_032;373;24;604;5;;4.4;32;18.56148492;;2.4;13;4;2;37;39;19.6;58.6;33.45;Distrófico;9.26;8.3;5.5;0.55;28.3;0.8;2.5;;1.42;14.57;9.54;0.0316;0;0;0;0;0.5868;0.0251;0.0093;0.0242;6.6215;0;0.0043;0.0029;0.0029;0;0;0.0003;0.0026;0;0.034;0.002;0;0;0;0;0;0;0;0.0025;0;0;0
25_033;423;40;537;6.7;;6.1;36;20.88167053;;3.3;31;11;0;16;16;45.5;61.5;73.98;Eutrófico;0;4;5.4;0.66;18.2;2.8;4.3;;1.67;13.99;12.23;0.1139;0;0;0;0;0.5918;0;0;0.0867;6.5026;0;0.0035;0.0047;0.0069;0;0;0.0004;0.0023;0.0008;0.0268;0.0016;0;0;0;0;0;0;0;0.0014;0;0;0
25_034;406;40;554;6.6;;6;22;12.76102088;;2.8;16;7;0;16;16;26;42;61.9;Eutrófico;0;6.6;5;0.53;19.9;1.6;1.2;;1.98;12.79;10.47;0;0;0;0;0;0.3754;0;0.0178;0.0393;4.5023;0;0.0061;0.0029;0.0035;0;0;0.0009;0.0008;0;0.0215;0.0016;0;0;0;0;0;0;0;0.0017;0;0;0
25_035;368;174;459;6.7;;6.1;23;13.34106729;;2.1;46;16;0;14;14;64.8;78.8;82.23;Eutrófico;0;8.4;17.2;0.44;62.2;3.5;7.1;;2.12;14.34;11.81;0.0561;0;0;0;0;0.6472;0;0.0075;0.0118;4.6737;0;0.0029;0.0023;0.0028;0;0;0;0.001;0;0.0438;0.0023;0;0;0;0;0;0;0;0.0008;0;0.0019;0
25_036;501;90;409;5.5;;4.9;31;17.98143852;;2;43;30;2;38;40;75.3;115.3;65.31;Eutrófico;2.59;9.4;7.4;0.25;404.6;0.8;2.5;;1.82;10.01;12.27;0.0369;0;0;0;0.064;0.7679;0;0;0.0137;3.9239;0;0;0.0036;0.0013;0.0006;0;0.0004;0.0021;0.0016;0.0417;0.0019;0;0;0;0;0;0;0;0;0;0;0
25_037;401;40;559;6.2;;5.6;33;19.14153132;;6;40;16;1;21;22;62;84;73.81;Eutrófico;1.59;10.7;0.1;1.06;43.7;1.2;2.4;;2.63;17.39;10.46;0;0;0;0;0;0.4301;0;0.0104;0;5.8377;0;0.0049;0;0.0017;0.0007;0;0.0003;0.0005;0;0.0164;0.0015;0;0;0;0;0;0;0;0;0;0;0
25_038;351;40;609;5;;4.4;47;27.26218097;;2.8;20;8;6;87;93;30.8;123.8;24.88;Distrófico;16.3;12.9;0.1;0.7;58.7;0.4;1.4;;1.71;11.95;12.42;0.0273;0;0;0;0;0.4888;0.0207;0.0081;0.0319;4.1766;0;0.004;0;0.0045;0;0;0.0025;0.0031;0.0006;0.0372;0.0018;0;0;0;0;0;0;0;0.0015;0;0;0
25_039;218;174;609;7.2;;6.6;46;26.68213457;;5.7;61;15;0;14;14;84.4;98.4;85.77;Eutrófico;0;19.7;61.1;0.62;63.3;1.2;2.1;;3.31;14.53;10.73;0.0499;0;0;0;0.042;0.5818;0.0188;0.0072;0.0274;6.85;0;0.003;0.0052;0.0044;0.0008;0;0.0031;0.0022;0.0012;0.0288;0.0032;0;0;0;0;0;0;0;0.0013;0;0;0
25_040;168;140;692;5.5;;4.9;27;15.6612529;;1.9;23;8;1;31;32;32.9;64.9;50.69;Eutrófico;2.95;103.3;0.4;0.3;41.4;1.2;0.7;;1.78;15.09;10.47;0.0323;0;0;0;0;0.5917;0.0252;0;0.018;7.1439;0;0.0047;0.0048;0.0036;0;0;0.0009;0.0018;0.0005;0.0302;0.0027;0;0;0;0;0;0;0;0.0012;0;0;0
25_041;368;74;559;5.9;;5.3;34;19.72157773;;4;28;11;0;23;23;43;66;65.15;Eutrófico;0;21.2;0.8;0.72;33.6;1.2;3.2;;2.72;14.18;10.07;0.026;0;0;0;0;0.6084;0;0.0111;0.0169;6.89;0;0.0038;0.0038;0.0032;0.0008;0;0.0014;0.0014;0.0009;0.0375;0.0033;0;0;0;0;0;0;0;0.0023;0;0;0
25_043;402;70;528;4.7;;4.1;26;15.0812065;;3;6;2;17;53;70;11.8;81.8;14.43;Distrófico;59.03;3.8;19.3;0.17;92.7;1.2;0.5;;2.55;14.04;12.67;0;0;0;0;0;0.3806;0;0.0256;0.0275;5.4575;0;0.0137;0.0026;0.0046;0;0;0.0033;0.0012;0.0012;0.0254;0.0019;0;0;0;0;0;0;0;0.0037;0;0.004;0.0018
25_044;443;34;523;5.8;;5.2;27;15.6612529;;3.4;32;9;1;27;28;45;73;61.64;Eutrófico;2.17;25.5;13.6;0.21;31.3;4.9;4.1;;2.41;13.11;8.94;0.0471;0;0;0;0;0.7259;0.0197;0;0.0116;7.98;0;0.0032;0;0.0034;0.0006;0;0;0.0011;0.001;0.025;0.0034;0;0;0;0;0;0;0;0.0011;0;0;0
25_045;393;84;523;6.9;;6.3;16;9.280742459;;1.6;97;6;0;18;18;105.4;123.4;85.41;Eutrófico;0;91.7;18.4;0.2;14.1;2.2;2.1;;2.79;13.6;8.77;0.0693;0;0;0;0;0.735;0.0308;0.0133;0.0295;7.53;0;0.0036;0.0035;0.0037;0;0;0;0.0014;0.0016;0.0197;0.0033;0;0;0;0;0;0;0;0.002;0;0;0
25_046;426;134;440;6.3;;5.7;16;9.280742459;;1.4;58;4;0;19;19;64;83;77.11;Eutrófico;0;48.5;13.8;0.2;65.3;0.7;0.7;;1.87;16.09;11.32;0.0777;0;0;0;0;0.9901;0.0208;0.0068;0.0344;9.05;0;0.0034;0;0.0052;0;0;0.0013;0.0015;0.0007;0.0331;0.0078;0;0;0;0;0;0;0;0.0046;0;0;0
25_047;543;168;290;5.2;;4.6;28;16.2412993;;4.5;41;13;3;29;32;58.8;90.8;64.76;Eutrófico;4.85;6.3;7.1;0.64;327.3;0.6;1.9;;2.32;14.52;10.29;0.042;0;0;0;0;0.905;0.0296;0;0.0255;8.51;0;0;0;0.0036;0;0;0.0011;0.0013;0.0011;0.0394;0.0075;0;0;0;0;0;0;0;0.0037;0;0;0.0013
25_048;226;101;673;5.7;;5.1;46;26.68213457;;5.8;23;9;1;27;28;38.1;66.1;57.64;Eutrófico;2.56;8.2;7.3;0.19;382.6;1.2;3.7;;1.64;14.43;10.32;0.0188;0;0;0;0;0.4831;0.0171;0.0149;0.0238;6.5758;0;0.008;0.0042;0.005;0;0;0.0009;0.0007;0.0007;0.0271;0.0014;0;0;0;0;0;0;0;0.0023;0;0;0
25_049;293;101;606;5.9;;5.3;45;26.10208817;;4.5;50;15;0;40;40;69.8;109.8;63.57;Eutrófico;0;25;6.6;0.52;16.4;2.3;3;;2.48;15.94;14.4;0.0359;0;0;0;0;0.4529;0;0.0137;0.0303;5.0349;0;0.0061;0.0031;0.0064;0;0;0.0055;0.0011;0.0014;0.0415;0.0029;0;0;0;0;0;0;0;0.0039;0;0.0043;0
25_050;309;84;606;5.6;;5;47;27.26218097;;5.2;42;10;0;52;52;57.5;109.5;52.51;Eutrófico;0;46.4;6.3;1;13.3;3;3.6;;2.32;13.86;15.4;0;0;0;0;0;0.4799;0;0;0.0289;4.0918;0;0.0061;0.0026;0.0042;0;0;0.0042;0.0009;0.0011;0.0322;0.0026;0;0;0;0;0;0;0;0.0027;0;0.0024;0
27_3805;788;12;200;;;4.9;25;14.50116009;6;0.8;7;3;0;22;22;10.8;32.8;33;Distrófico;0;12;;0.23;55;0.6;1;2;1.83;11.79;17.34;0;0;0;0;0;0.6468;0;0;0.0094;2.4555;0;0.0026;0;0.0017;0.0006;0;0;0.0004;0;0.0155;0.0025;0;0;0;0;0;0;0;0;0;0;0
27_3846;305;195;500;;;5.5;22;12.76102088;8;1.4;18;8;0;26;26;27.4;53.4;51;Eutrófico;0;19;;0.23;22;2.6;8;10;2.3;11.11;9.92;0.0599;0;0;0;0;1.2461;0.028;0;0.0382;8.2;0;0;0.0046;0.0068;0;0;0.0006;0.0016;0.0014;0.0505;0.0053;0;0;0;0;0;0;0;0.0021;0;0;0
27_3875;823;52;125;;;4.6;19;11.02088167;6;1.1;9;5;2;26;28;15.1;43.1;35;Distrófico;12;10;;0.22;44;0.6;0.4;2;1.81;6.31;26.03;0;0;0;0;0;0.1737;0;0;0;0.5771;0;0;0;0.0009;0;0;0.0015;0.0012;0.0004;0.0404;0;0;0;0;0;0;0;0;0;0;0;0
27_3898;264;211;525;;;4.8;28;16.2412993;7;1.5;11;6;5;37;42;18.5;60.5;31;Distrófico;21;11;;0.34;36;1;1.2;14;2.37;11.71;12.45;0.0269;0;0;0;0;1.086;0.0299;0;0.0204;5.6762;0;0.003;0.0022;0.0051;0.0017;0;0.0007;0.001;0.0022;0.0469;0.0045;0;0;0;0;0;0;0;0.0023;0;0.002;0
27_3920;826;49;125;;;5.5;10;5.800464037;6;0.5;10;3;0;13;13;13.5;26.5;51;Eutrófico;0;1;;0.12;14;0.6;0.4;4;0;5.09;19.8;0;0;0;0;0;0.2082;0;0;0.0106;0.7618;0;0;0;0;0;0;0.0011;0.001;0;0.0191;0.0014;0;0;0;0;0;0;0;0.0009;0;0;0
27_3934;791;59;150;;;4.6;14;8.120649652;7;0.9;4;3;0;26;26;7.9;33.9;23;Distrófico;0;6;;0.31;51;0.6;1;19;2.13;7.99;18.33;0;0;0;0;0;0.4541;0;0;0.0115;1.8286;0;0;0;0.0016;0;0;0.0004;0.0006;0.0012;0.0445;0.0018;0;0;0;0;0;0;0;0;0;0;0
27_3967;474;61;465;;;5.7;19;11.02088167;43;0.7;19;8;0;22;22;27.7;49.7;56;Eutrófico;0;4;;0.33;25;2.6;16;1;2.36;15.94;9.39;0.0706;0;0;0;0;0.9204;0.0274;0.0077;0.015;5.2742;0;0;0.0033;0.0038;0;0;0.0005;0.0018;0.0007;0.0436;0.0043;0;0;0;0;0;0;0;0.0016;0;0;0
27_3969;402;108;490;;;5.3;24;13.92111369;41;1.6;16;7;0;29;29;24.6;53.6;46;Distrófico;0;4;;0.34;30;3.6;2;1;0;8.03;4.55;0.3923;0.0259;0.188;0;0;0.1123;0;0;0;0.6168;0;0.0033;0;0;0;0;0;0.001;0.0014;0.0048;0.0022;0.0009;0;0;0;0;0;0;0;0;0.0059;0
27_3981;422;88;490;;;5;25;14.50116009;5;0.9;11;4;0;31;31;15.9;46.9;34;Distrófico;0;34;;0.34;23;6.4;0.8;1;0;8.45;7.63;0.0523;0;0;0;0;1.4556;0.0335;0;0.016;5.6441;0;0;0.0035;0.0032;0.0017;0;0;0.0005;0.0014;0.043;0.0045;0;0;0;0;0;0;0;0;0;0;0
27_4019;166;159;675;;;5.1;33;19.14153132;6;1.9;14;6;0;38;38;21.9;59.9;37;Distrófico;0;12;;0.25;26;4.4;0.6;17;2.6;10.87;5.5;0.0593;0;0;0;0;2.0202;0.0699;0;0.0608;14.82;0;0.0065;0.0153;0.0074;0.001;0;0.001;0.0014;0.0016;0.0384;0.0047;0;0;0;0;0;0;0;0;0;0;0
27_4021;146;101;753;;;5.7;34;19.72157773;6;1.6;14;7;0;28;28;22.6;50.6;45;Distrófico;0;43;;0.16;27;4.2;0.6;11;3.58;14.79;5.2;0.0805;0;0;0;0;2.5063;0.1016;0;0.0679;19.63;0;0.0049;0.0193;0.0073;0;0;0;0.0006;0.0008;0.0443;0.0074;0;0;0;0;0;0;0;0.0025;0;0;0
27_4023;169;156;675;;;5.8;29;16.82134571;17;2.2;24;14;0;28;28;40.2;68.2;59;Eutrófico;0;32;;0.18;25;5.2;2.2;15;0;11.38;8.1;0.0472;0;0;0;0;1.672;0.0488;0;0.0529;12.74;0;0.0038;0.0199;0.0089;0;0;0.001;0.0009;0.0021;0.0373;0.0048;0;0;0;0.0086;0;0;0;0.0021;0;0;0
27_4027;140;110;750;;;5.6;32;18.56148492;4;1.1;13;5;0;26;26;19.1;45.1;42;Distrófico;0;29;;0.14;41;4;0.6;15;0;12.72;4.43;0.0451;0;0;0;0;1.7436;0.0823;0;0.0555;17.93;0;0;0.0155;0.0042;0;0;0;0.001;0;0.0364;0.0044;0;0;0;0;0;0;0;0;0;0;0
27_4044;651;174;175;;;4.9;17;9.860788863;5;1.1;6;2;0;24;24;9.1;33.1;27;Distrófico;0;13;;0.15;87;1.2;0.6;9;0;7.66;16.57;0.0221;0;0;0;0;0.4965;0;0;0.0112;1.7389;0;0;0;0.0019;0;0;0.0007;0.0005;0.0015;0.0493;0.0015;0;0;0;0;0;0;0;0;0;0;0
27_4054;204;346;450;;;4.3;17;9.860788863;5;2;12;6;23;92;115;20;135;15;Distrófico;53;15;;0.21;40;1.2;0.6;28;2.3;6.93;15.23;0;0;0;0;0;0.4145;0;0;0.0499;2.9137;0;0;0.0038;0.0053;0.0013;0;0.0081;0.0062;0.0031;0.0343;0.0031;0;0;0;0;0;0;0;0.0073;0;0;0
27_4062;348;302;350;;;5.4;14;8.120649652;14;3.3;23;18;0;31;31;44.3;75.3;59;Eutrófico;0;9;;0.12;37;1.2;7;21;1.98;7.45;21.01;0;0;0;0;0;0.3975;0.0256;0;0.0465;2.5803;0;0.0025;0.0021;0.0048;0;0;0.0081;0.0029;0.0032;0.0549;0.003;0;0;0;0;0;0;0;0.0022;0;0;0
27_4092;206;106;688;;;5.5;46;26.68213457;11;0.9;19;7;0;33;33;26.9;59.9;45;Distrófico;0;8;;0.17;33;8.6;2.6;8;3.54;14.44;3.8021;0.0643;0;0;0;0;2.6972;0.1178;0;0.0583;20.14;0;0;0.012;0.0062;0;0;0;0.0009;0;0.0431;0.0065;0;0;0;0;0;0;0;0.0032;0;0;0
27_4096;382;93;525;;;5.3;34;19.72157773;38;1.7;16;7;0;33;33;24.7;57.7;43;Distrófico;0;4;;0.23;33;4.8;2.6;5;2.05;16.23;10.16;0.0697;0;0;0;0;0.9636;0.0477;0;0.0358;6.9966;0;0.003;0.0057;0.005;0.0008;0;0.0008;0.0018;0.0006;0.0628;0.0045;0;0;0;0;0;0;0;0.0024;0;0.0021;0
27_4799;210;115;675;;;4.6;51;29.58236659;10;1;12;4;4;54;58;17;75;23;Distrófico;19;1;;0.34;38;2;0.2;6;2.61;13.32;7.75;0.0363;0;0;0;0;2.9547;0.058;0;0.0297;8.7;0;0.0032;0.0103;0.0042;0.0016;0;0;0.0009;0.002;0.0599;0.0094;0;0;0;0;0;0;0;0.0015;0;0;0
27_4801;221;79;700;;;4.6;31;17.98143852;12;1.5;10;5;3;49;52;16.5;68.5;24;Distrófico;15;2;;0.34;23;2;0.4;5;2.22;14.5;12.38;0.0405;0;0;0;0;2.7913;0.0639;0;0.0358;10.52;0;0.0042;0.007;0.0045;0.0009;0;0.0006;0.0013;0.0015;0.0626;0.0103;0;0;0;0;0;0;0;0.0024;0;0;0
27_4803;168;57;775;;;5.1;26;15.0812065;8;1;19;7;0;38;38;27;65;42;Distrófico;0;2;;0.31;12;2;0.4;15;2.23;13.06;6.23;0.0506;0;0;0;0;2.3289;0.0846;0;0.0623;15.89;0;0;0.008;0.0061;0.0019;0;0;0.0011;0.002;0.0477;0.0078;0;0;0;0;0;0;0;0.0017;0;0;0
27_4805;228;72;700;;;4.8;60;34.80278422;8;0.8;14;5;0;50;50;19.8;69.8;28;Distrófico;0;1;;0.38;26;2;0.2;11;2.54;13.66;6.45;0.0315;0;0;0;0;1.9166;0.0408;0;0.0386;10.4;0;0;0.0068;0.0044;0.0012;0;0;0.0007;0.0015;0.0507;0.0077;0;0;0;0;0;0;0;0.0025;0;0;0
27_4821;197;128;675;;;5.6;29;16.82134571;30;1.1;23;12;2;23;25;36.1;61.1;59;Eutrófico;5;2;;0.23;10;1;0.4;3;1.94;14.49;8.3;0.0388;0;0;0;0;1.9103;0.0392;0;0.0309;12.14;0;0.0034;0.0071;0.0038;0.0022;0;0.0009;0.0007;0.0022;0.0556;0.0081;0;0;0;0;0;0;0;0.0027;0.0033;0;0.0018
27_4825;426;99;475;;;4.6;27;15.6612529;7;0.4;6;4;2;40;42;10.4;52.4;20;Distrófico;16;1;;0.33;70;0.8;0.2;3;2.46;14.5;10.29;0.0315;0;0;0;0;1.5538;0.0304;0;0.0167;6.5476;0;0;0.0031;0.0027;0.0011;0;0;0.0005;0.0019;0.0571;0.0054;0;0;0;0;0;0;0;0.0015;0;0;0
27_4831;403;132;465;;;5.5;55;31.9025522;9;0.4;20;8;0;29;29;28.4;57.4;49;Distrófico;0;1;;0.25;17;2;0.4;20;2.17;12.37;8.61;0.1131;0;0;0;0;1.9598;0.0637;0;0.1154;14.02;0;0;0.0087;0.008;0;0;0;0.0028;0.0035;0.0375;0.0062;0;0;0;0.0059;0;0;0;0;0;0;0
27_4837;606;54;340;;;5;30;17.40139211;9;0.6;10;5;0;29;29;15.6;44.6;35;Distrófico;0;1;;0.26;36;1.6;3.4;23;2.02;9.62;9.41;0.0621;0;0;0;0;1.8132;0.0408;0;0.0533;9.22;0;0.0034;0.0037;0.0038;0;0;0;0.0008;0.0012;0.0323;0.0038;0;0;0;0;0;0;0;0.0011;0.0023;0;0
27_4853;202;333;465;;;4.2;42;24.36194896;8;0.8;7;5;12;60;72;12.8;84.8;15;Distrófico;48;1;;0.39;18;0.4;0.6;7;1.97;14.82;14.28;0.0282;0;0;0;0;0.7375;0;0.0084;0.0134;7.2971;0;0.0034;0.0019;0.0038;0.0021;0;0.0025;0.0042;0.0029;0.0467;0.0049;0.0007;0;0;0;0;0;0;0.0033;0;0.0024;0.0009
27_4857;136;99;765;;;4.3;34;19.72157773;6;0.5;10;5;11;50;61;15.5;76.5;20;Distrófico;42;1;;0.42;9;0.6;0.2;5;2.48;14.34;12.8;0.02;0;0;0;0;0.7692;0.0199;0.009;0.0143;7.83;0;0.0027;0.0027;0.0042;0.0022;0;0.0037;0.0045;0.0032;0.0427;0.0055;0;0;0;0.0051;0;0;0;0.0043;0;0;0
27_4865;388;272;340;;;4.4;38;22.04176334;5;1.1;8;2;11;34;45;11.1;56.1;20;Distrófico;50;2;;0.41;41;0.6;1.2;20;0;7.25;19.02;0;0;0;0;0;0.4879;0;0;0.0275;3.335;0;0.0033;0.0029;0.0046;0;0;0.0087;0.0021;0.0025;0.0492;0.0026;0;0;0;0;0;0;0;0;0;0;0
27_4867;451;59;490;;;5;44;25.52204176;11;1.5;10;4;2;29;31;15.5;46.5;33;Distrófico;11;3;;0.37;65;0.8;3.4;7;2.54;13.24;14.29;0.0248;0;0;0;0;0.7906;0.0232;0;0.0109;4.4765;0;0.0024;0;0.0037;0.0013;0;0.0007;0.0006;0.0016;0.0541;0.0043;0;0;0;0;0;0;0;0.001;0;0;0
27_4869;592;93;315;;;4.8;16;9.280742459;6;0.8;8;4;1;28;29;12.8;41.8;31;Distrófico;7;2;;0.27;54;0.8;1;4;2.01;13.05;14.72;0;0;0;0;0;0.8401;0;0;0.0123;3.5868;0;0.0025;0;0.0024;0.0006;0;0.0004;0.0009;0.0016;0.053;0.0031;0;0;0;0;0;0;0;0.0012;0;0;0
27_4879;491;44;465;;;5;53;30.7424594;7;0.7;19;2;0;34;34;21.7;55.7;39;Distrófico;0;1;;0.27;46;2;1.8;8;2.02;13.24;10.32;0.0462;0;0;0;0;1.4085;0.0251;0;0.0247;8.16;0;0;0.0074;0.0027;0.0012;0;0;0.0005;0.0008;0.0413;0.004;0;0;0;0;0;0;0;0;0;0;0
27_4897;762;148;90;;;5;25;14.50116009;11;0.5;8;2;0;16;16;10.5;26.5;40;Distrófico;0;2;;0.17;30;0.2;0.2;3;2.28;4.52;26.59;0;0;0;0;0;0.2013;0;0;0.0089;0.4533;0;0;0;0;0;0;0.0019;0.0018;0.0017;0.0377;0.0013;0;0;0;0;0;0;0;0;0;0;0
27_4917;816;44;140;;;4.9;13;7.540603248;15;0.7;5;2;0;26;26;7.7;33.7;23;Distrófico;0;2;;0.34;92;0.6;0.2;2;1.95;11.19;19.51;0.0348;0;0;0;0;0.4375;0;0;0.0108;2.2351;0;0;0;0.0014;0;0;0;0.0003;0;0.0078;0.0012;0;0;0;0;0;0;0;0.0013;0;0;0
27_4919;216;94;690;;;4.7;50;29.00232019;6;1.3;6;3;2;36;38;10.3;48.3;21;Distrófico;16;3;;0.33;65;1.6;0.2;29;2.28;12.17;6.25;0.0451;0;0;0;0;1.6938;0;0;0.0674;12.24;0;0;0.0057;0.0036;0.0037;0;0;0.0007;0.0014;0.0485;0.0064;0;0;0;0;0;0;0;0.0027;0;0;0
27_4923;412;110;478;;;5.7;26;15.0812065;10;3.3;21;8;0;21;21;32.3;53.3;61;Eutrófico;0;6;;0.47;42;7.6;3.8;6;2.61;16.04;11.63;0.0603;0;0;0;0;1.8489;0.0274;0;0.0365;8.18;0;0;0.0088;0.0066;0.0015;0;0;0.0012;0.0015;0.0691;0.006;0;0;0;0;0;0;0;0.0017;0;0;0
27_4925;370;140;490;;;5.6;25;14.50116009;7;2;16;6;0;22;22;24;46;52;Eutrófico;0;27;;0.57;61;6.2;3.6;9;2.21;14.82;9.53;0.036;0;0;0;0;1.7588;0.0281;0.0094;0.0234;7.38;0;0;0.0053;0.0047;0.0014;0;0.0004;0.0008;0.0013;0.059;0.0066;0;0;0.0042;0;0;0;0;0.0013;0;0.002;0
27_4929;478;72;450;;;5.2;26;15.0812065;5;1.1;10;3;0;26;26;14.1;40.1;35;Distrófico;0;3;;0.53;88;2.2;0.4;7;2.58;15.7;11.57;0;0;0;0;0;1.815;0.0322;0;0.0224;6.5892;0;0.0028;0.0037;0.002;0.001;0;0;0.0004;0.002;0.0627;0.0067;0;0;0;0;0;0;0;0;0;0.0023;0
27_4931;435;65;500;;;5.3;21;12.18097448;4;1.5;13;6;0;26;26;20.5;46.5;44;Distrófico;0;3;;0.49;92;2.2;0.4;9;2.21;12.59;9.35;0.032;0;0;0;0;1.9648;0.0429;0;0.023;6.74;0;0;0.0046;0.0023;0.001;0;0.0006;0.0005;0.0012;0.0598;0.0076;0;0;0;0;0;0;0;0;0;0.0027;0
27_4933;177;98;725;;;4.8;29;16.82134571;8;3.7;10;4;2;48;50;17.7;67.7;26;Distrófico;10;5;;0.67;36;2.6;1.2;15;2.18;13.95;10.43;0.038;0;0;0;0;2.0598;0.0396;0;0.0464;11.01;0;0;0.0079;0.0058;0.0023;0;0;0.0013;0.002;0.0583;0.0084;0;0;0;0;0;0;0;0.003;0;0;0
27_4935;131;119;750;;;5;31;17.98143852;10;1.2;14;7;0;47;47;22.2;69.2;32;Distrófico;0;2;;0.49;17;3.4;0.4;20;2.79;11.29;6.74;0.0619;0;0;0;0;1.9956;0.0692;0;0.0876;14.5;0;0;0.0113;0.0047;0;0;0;0.0017;0.001;0.0446;0.0065;0;0;0;0;0;0;0;0.0027;0;0;0
27_4937;184;78;738;;;5.2;30;17.40139211;11;1.8;15;8;0;36;36;24.8;60.8;41;Distrófico;0;3;;0.47;16;3;1.6;26;2.46;15.23;7.59;0.0718;0;0;0;0;3.188;0.0731;0;0.0794;17.09;0;0;0.0116;0.0074;0.0015;0;0.0006;0.0021;0.0015;0.069;0.0113;0;0;0;0.0082;0;0;0;0.0028;0;0;0
27_4941;904;21;75;;;4.7;5;2.900232019;5;0.5;2;1;0;13;13;3.5;16.5;21;Distrófico;0;3;;0.27;23;0.2;0.6;5;1.36;4.72;29.09;0;0;0;0;0;0.1959;0;0;0.0184;0.437;0;0;0;0;0;0;0;0;0;0.0104;0;0;0;0;0;0;0;0;0;0;0;0
27_4955;201;124;675;;;4.9;15;8.700696056;7;0.8;9;2;1;30;31;11.8;42.8;28;Distrófico;8;2;;0.43;8;2;0.2;4;2.56;14.99;9.87;0.0557;0;0;0;0;2.4056;0.0602;0;0.0542;14.59;0;0.0033;0.0139;0.0081;0;0;0.0005;0.0013;0.0021;0.0501;0.0086;0;0;0;0;0;0;0;0.0021;0;0;0
27_4971;296;229;475;;;4.5;25;14.50116009;21;1.7;6;3;2;50;52;10.7;62.7;17;Distrófico;16;3;;0.53;62;1.8;1.8;6;1.98;13.87;9.63;0.0565;0.3365;0;0;0;2.2701;0.0594;0;0.0525;14.5;0;0.0036;0.014;0.0069;0.001;0;0.0004;0.0016;0.0023;0.0487;0.0075;0;0;0;0;0;0;0;0.0022;0;0;0
27_4975;793;24;183;;;4.6;15;8.700696056;6;0.8;5;2;3;25;28;7.8;35.8;22;Distrófico;28;2;;0.44;71;1.6;2;4;2.48;11.47;13.72;0.0461;0;0;0;0;0.5459;0;0;0.0135;4.3957;0;0;0.0026;0.003;0.0009;0;0.0045;0.0008;0.0024;0.0446;0.0031;0;0;0;0;0;0;0;0.0013;0;0;0
27_4977;171;509;320;;;4.7;9;5.220417633;6;1.5;7;5;7;35;42;13.5;55.5;24;Distrófico;34;3;;0.45;16;0.6;1;8;3;8.65;19.81;0;0;0;0;0;0.4166;0;0;0.0263;3.245;0;0;0.0023;0.004;0;0;0.0072;0.0026;0.003;0.0309;0.0026;0;0;0;0;0;0;0;0.0013;0;0;0
27_4981;839;16;145;;;5.2;11;6.380510441;4;0.5;8;3;0;20;20;11.5;31.5;37;Distrófico;0;2;;0.4;48;3.6;1.2;3;2;10.47;18;0;0;0;0;0;0.2581;0;0;0;1.3754;0;0;0;0;0;0;0;0;0.0007;0.029;0;0;0;0;0;0;0;0;0;0;0;0
27_5014;800;100;100;;;5.4;15;8.700696056;6;1.5;4;4;0;14;14;9.5;23.5;40;Distrófico;0;6;;0.11;12;0.6;0.4;15;1.39;5.91;26.66;0;0;0;0;0;0.5793;0;0;0.0232;0.8975;0;0;0;0.001;0;0;0.0015;0.0009;0.0019;0.0483;0.0026;0;0;0;0;0;0;0;0.0013;0;0;0
27_5016;797;90;113;;;4.7;12;6.960556845;7;1.2;3;3;0;17;17;7.2;24.2;30;Distrófico;0;5;;0.09;16;0.4;0.4;10;2.65;6.42;19.72;0;0;0;0;0;0.4332;0;0;0.0195;1.0178;0;0;0;0.0013;0;0;0.0031;0.0024;0.0021;0.0437;0.0019;0;0;0;0;0;0;0;0.0025;0;0;0
30_001;80;160;760;;;6.03;51.5;29.87238979;18;9;68.4;35.9;0;36.9;36.9;113.3;150.2;75.43;Eutrófico;;;;;;;;;1.88;13.88;6.82;0.081;0;0;0;0.0967;1.7877;0.0624;0;0.0639;17.34;0;0;0.0268;0.0071;0.0015;0;0.0006;0.0011;0.0019;0.04;0.0056;0;0;0;0;0;0;0;0.0031;0;0;0
30_003;80;180;740;;;4.92;32.4;18.79350348;2.46;8.5;54.8;16.8;0.6;54.9;55.5;80.1;135.6;59.08;Eutrófico;;;;;;;;;2.64;10.38;7.42;0.0684;0;0;0;0;1.8155;0.0955;0;0.1968;19.49;0;0.0072;0.0354;0.015;0.0012;0;0.0014;0.0011;0.0053;0.0304;0.0054;0;0;0;0;0;0;0;0;0;0;0
30_005;100;280;620;;;4.84;26.1;15.13921114;5.17;2.6;75.5;13.9;0;59.8;59.8;91.9;151.7;60.58;Eutrófico;;;;;;;;;2.13;9.63;8.45;0.0727;0;0;0;0;2.1517;0.0836;0;0.3073;20.44;0;0.0044;0.0328;0.0141;0;0;0.0021;0.0022;0.005;0.0385;0.0056;0;0;0;0;0;0;0;0;0;0;0
30_007;80;300;620;;;5.4;32.3;18.73549884;3.65;3.1;89;22.6;0;49.6;49.6;114.8;164.4;69.82;Eutrófico;;;;;;;;;2.52;9.82;7.61;0.0952;0;0;0;0.0671;2.117;0.0995;0.0084;0.3571;19.59;0;0.0077;0.0345;0.0198;0;0;0.0024;0.0021;0.0046;0.0302;0.005;0;0;0;0;0;0;0;0.0028;0.0034;0;0
30_009;80;240;680;;;5.79;37;21.46171694;7.89;6.6;112.1;35.7;0;30.6;30.6;154.3;184.9;83.45;Eutrófico;;;;;;;;;3.21;9.83;7.92;0.0558;0;0;0;0.1922;2.3437;0.0827;0.009;0.238;17.4;0;0.0091;0.0322;0.0131;0;0;0.0011;0.0016;0.0037;0.0328;0.0054;0;0;0;0;0;0;0;0.0019;0;0;0
30_011;100;280;620;;;6.54;44.3;25.69605568;145.09;4.8;89.6;31.2;0;31.8;31.8;125.6;157.4;79.8;Eutrófico;;;;;;;;;3.5;11.33;6.02;0.1192;0;0;0;0.3642;1.4878;0.0479;0.013;0.0697;16.61;0;0.0039;0.0343;0.0087;0.0021;0;0.0005;0.0015;0.0021;0.0325;0.0045;0;0;0;0;0;0;0;0.0024;0;0;0
30_013;140;220;640;;;5.62;51.2;29.69837587;12.97;5.8;76.3;15;0;49.6;49.6;97;146.6;66.18;Eutrófico;;;;;;;;;1.74;13.53;5.05;0.1051;0;0;0;0.0912;1.6364;0.0521;0;0.0536;17.79;0;0.0044;0.0126;0.0063;0.0031;0;0.0007;0.0014;0.0013;0.0417;0.0062;0;0;0;0;0;0;0;0.0033;0;0;0
30_015;640;180;180;;;4.69;16;9.280742459;76.87;1.5;29.1;9.1;1.9;47.7;49.6;39.6;89.2;44.42;Distrófico;;;;;;;;;2.13;9.12;15.34;0.0541;0;0;0;0;0.6312;0;0;0.0387;4.0072;0;0;0.0038;0.0031;0.0013;0;0.0004;0.0005;0.0012;0.0208;0.0016;0;0;0;0;0;0;0;0.0011;0;0;0
30_017;420;320;260;;;6.42;31.1;18.03944316;299.33;23.1;172.2;50.9;0;33;33;246.2;279.2;88.18;Eutrófico;;;;;;;;;2.61;12.58;12.8;0.3086;0;0;0;0.8121;2.2164;0.1015;0.0101;0.2992;19.32;0;0.0119;0.0377;0.0199;0;0;0.0033;0.0082;0.0028;0.0324;0.0063;0;0;0;0;0;0;0;0;0;0;0
30_019;560;100;340;;;4.74;12.6;7.308584687;16.36;1.9;27;8.6;3.1;41.3;44.4;37.5;81.9;45.82;Distrófico;;;;;;;;;2.33;10.71;14.05;0.0412;0;0;0;0;1.0989;0.0248;0;0.0738;7.54;0;0.0025;0.0092;0.0058;0.0008;0;0;0.0005;0.0018;0.0242;0.0028;0;0;0;0;0;0;0;0.0014;0;0;0
30_021;20;240;740;;;5.2;21.2;12.29698376;28.56;8.7;65.9;13.2;0;44.4;44.4;87.8;132.2;66.4;Eutrófico;;;;;;;;;0;5.75;3.92;0.1524;0;0.1006;0;0.0574;0.854;0.0381;0;0.1124;6.87;0;0;0.0101;0.0042;0;0;0.0006;0.0014;0.0032;0.0094;0.003;0;0;0;0;0;0;0;0;0;0.0034;0.0019
30_023;100;280;620;;;5.54;26.9;15.60324826;5.34;2.1;78.9;20.7;0;49.6;49.6;101.7;151.3;67.22;Eutrófico;;;;;;;;;2.74;11.17;6.91;0.0701;0;0;0;0;2.2331;0.0905;0;0.1213;19.21;0;0.0049;0.0439;0.0109;0;0;0.0005;0.002;0.0039;0.0428;0.0061;0;0;0;0;0;0;0;0.0023;0;0;0
30_025;60;200;740;;;5.16;43.8;25.40603248;61.87;7.9;144.1;19.7;0;64.4;64.4;171.8;236.2;72.73;Eutrófico;;;;;;;;;2.22;11.62;6.87;0.1093;0;0;0;0;2.1573;0.0771;0;0.1101;18.92;0;0;0.0311;0.0111;0.0014;0;0.0008;0.0017;0.0039;0.0396;0.0064;0;0;0;0;0;0;0;0.0021;0;0;0
30_027;60;280;660;;;5.63;56.4;32.71461717;7.04;3.1;95.7;33;0;46.1;46.1;131.7;177.8;74.08;Eutrófico;;;;;;;;;3.57;11.68;6.96;0.0988;0;0;0;0.1077;2.7462;0.0497;0;0.0923;17.05;0;0;0.0114;0.0099;0.0014;0;0.001;0.0041;0.0016;0.0433;0.0074;0;0;0;0;0;0;0;0.0017;0;0;0
30_029;480;180;340;;;4.35;21;12.18097448;10.34;3.1;23.9;9.7;2.1;62.3;64.4;36.7;101.1;36.29;Distrófico;;;;;;;;;2.02;10.32;12.14;0.0606;0;0;0;0;1.5953;0.0427;0;0.1022;10.27;0;0.0041;0.0132;0.0059;0.0008;0;0.0007;0.0008;0.0018;0.0327;0.0034;0;0;0;0;0;0;0;0.0011;0;0;0
30_031;860;120;20;;;5.64;3;1.740139211;7.29;1.1;45.1;8.9;0;19.6;19.6;55;74.6;73.74;Eutrófico;;;;;;;;;1.59;4.58;25.88;0;0;0;0;0;0.6637;0;0;0.0504;1.3808;0;0;0.0022;0.0013;0;0;0.0008;0.001;0.0008;0.0147;0.0011;0;0;0;0;0;0;0;0;0;0;0
30_033;220;260;520;;;5.37;27.2;15.77726218;10.09;1.8;108.6;24;0;49.6;49.6;134.4;184;73.05;Eutrófico;;;;;;;;;2.19;8.44;8.23;0.1591;0;0;0;0.1483;3.7859;0.1104;0;0.2899;20.76;0;0.0057;0.0267;0.0186;0;0;0.0021;0.0036;0.0043;0.0465;0.01;0;0;0;0;0;0;0;0.0021;0;0;0
30_035;40;200;760;;;4.16;32.5;18.85150812;102.39;7.9;37.3;14.8;1.1;76.5;77.6;60;137.6;43.62;Distrófico;;;;;;;;;2.25;14.26;10.86;0.122;0;0;0;0;1.9418;0.0726;0;0.2644;20.27;0;0.0088;0.0403;0.0198;0.0012;0;0.0019;0.001;0.0056;0.0386;0.0053;0;0;0;0;0;0;0;0.0029;0;0;0
30_037;780;100;120;;;5.11;45.7;26.50812065;43.65;4.9;70.4;19.7;0;57.6;57.6;95;152.6;62.26;Eutrófico;;;;;;;;;0;6.97;15.75;0;0;0;0;0;0.3418;0;0;0.0713;1.7027;0;0;0.0031;0.0018;0;0;0;0.0003;0.0008;0.0091;0.0009;0;0;0;0;0;0;0;0.001;0;0;0
30_039;620;200;180;;;4.59;22;12.76102088;13.48;2.3;35.9;9.9;4;45.6;49.6;48.1;97.7;49.24;Distrófico;;;;;;;;;1.74;7.41;18.66;0.0257;0;0;0;0;0.9708;0.0256;0.0112;0.0775;2.7133;0;0;0.0041;0.003;0;0;0.0012;0.0007;0.0015;0.0232;0.0022;0;0;0;0;0;0;0;0.0013;0;0;0
30_041;840;120;40;;;5.33;8.1;4.69837587;5.51;0.9;28.4;6.5;0;23.6;23.6;35.8;59.4;60.24;Eutrófico;;;;;;;;;1.93;8.25;22.25;0;0;0;0;0;0.3218;0;0;0.0496;1.3793;0;0;0;0;0;0;0;0.0004;0.0004;0.0063;0;0;0;0;0;0;0;0;0.0008;0;0;0
30_043;700;140;160;;;4.98;18.8;10.90487239;10.94;1.8;50.6;13.3;0.8;45.3;46.1;65.7;111.8;58.77;Eutrófico;;;;;;;;;0;6.77;16.6;0;0;0;0;0;0.6418;0;0;0.0645;3.3068;0;0;0.0047;0.0028;0;0;0.0005;0.0009;0.0013;0.0164;0.0016;0;0;0;0;0;0;0;0;0;0;0
30_045;80;240;680;;;5.85;38.3;22.21577726;16.78;5.5;113.6;31.7;0;39.7;39.7;150.8;190.5;79.16;Eutrófico;;;;;;;;;2;11.6;7.93;0.0921;0;0;0;0.1031;3.98;0.0855;0.0081;0.1495;17.76;0;0.0092;0.0304;0.0106;0;0;0.0014;0.0008;0.0016;0.0258;0.0042;0;0;0;0;0;0;0;0;0;0;0
30_047;100;160;740;;;6.13;30.1;17.45939675;13.99;7;108.1;34.8;0;36.9;36.9;149.9;186.8;80.24;Eutrófico;;;;;;;;;0;10.06;7.28;0.0728;0;0;0;0.2131;1.6894;0.0566;0;0.1345;15.29;0;0.005;0.0321;0.0134;0.0017;0;0.0011;0.0021;0.0031;0.0285;0.0047;0;0;0;0;0;0;0;0;0;0;0
30_049;60;380;560;;;5.06;40.5;23.49187935;3.48;4;76.8;17.3;1.2;65.7;66.9;98.1;165;59.45;Eutrófico;;;;;;;;;1.68;8.86;8.89;0.1044;0;0;0;0.0137;2.8545;0.0709;0;0.2089;17.92;0;0.0037;0.0121;0.0169;0;0;0.0012;0.0046;0.0036;0.0457;0.0083;0;0;0;0.0067;0;0;0;0.0022;0;0;0
30_051;20;220;760;;;4.91;27.8;16.12529002;27.55;2.5;45.1;18.4;2.2;57.6;59.8;66;125.8;52.46;Eutrófico;;;;;;;;;0;9;6.25;0.0583;0;0;0;0;1.613;0.0691;0;0.1364;15.68;0;0.0058;0.0285;0.0107;0;0;0.0007;0.0009;0.0036;0.0343;0.0055;0;0;0;0;0;0;0;0.0025;0;0;0
30_053;700;140;160;;;5.12;21.6;12.52900232;25.85;11.9;29.2;13.7;1;37.3;38.3;54.8;93.1;58.86;Eutrófico;;;;;;;;;2.39;7.89;19.14;0.0232;0;0;0;0;0.5899;0;0;0.0447;2.9441;0;0;0.0022;0.003;0;0;0.0006;0.0005;0.001;0.024;0.0017;0;0;0;0;0;0;0;0.0013;0;0;0
30_055;580;140;280;;;5.11;20.1;11.65893271;12.72;1.4;26;13.5;1.9;45.9;47.8;40.8;88.6;46.06;Distrófico;;;;;;;;;2.58;10.62;14.66;0.0416;0;0;0;0;0.6388;0;0;0.0381;3.9337;0;0.0022;0.0023;0.0035;0.001;0;0.0004;0.0006;0.0009;0.0258;0.0018;0;0;0;0;0;0;0;0.0013;0;0;0
30_057;60;260;680;;;5.06;34.1;19.77958237;11.61;10.2;53.2;16.7;2;60.1;62.1;80;142.1;56.31;Eutrófico;;;;;;;;;2.05;11.82;7.44;0.0905;0;0;0;0.0181;1.3442;0.0811;0.0202;0.2382;20.32;0;0.0114;0.0303;0.0149;0.0022;0;0.0014;0.0011;0.0066;0.0284;0.0048;0;0;0;0;0;0;0;0;0;0;0
30_059;560;160;280;;;6.84;28;16.2412993;65.1;1.1;59.8;19.4;0;21.9;21.9;80.4;102.3;78.59;Eutrófico;;;;;;;;;1.61;9.1;15.88;0.0579;0;0;0;0.8562;0.5876;0;0;0.0371;3.553;0;0;0.002;0.0036;0.001;0;0.0005;0.0011;0.0009;0.018;0.0018;0;0;0;0;0;0;0;0.0008;0;0;0
30_061;0;240;800;;;5.45;45.9;26.62412993;8.87;3.9;64.1;21.8;0;47.8;47.8;89.8;137.6;65.27;Eutrófico;;;;;;;;;2.31;11.19;5.7;0.0661;0;0;0;0.0609;1.582;0.064;0;0.0553;16.07;0;0;0.0154;0.0067;0.0017;0;0.0006;0.0008;0.0013;0.0382;0.0048;0;0;0;0;0;0;0;0.002;0;0;0
30_063;20;180;800;;;4.55;26.9;15.60324826;0.9;1.9;15;7.2;6.1;77.5;83.6;24;107.6;22.33;Distrófico;;;;;;;;;2.59;11.35;5.27;0.0518;0;0;0;0;1.4108;0.1061;0;0.0684;16.72;0;0;0.0271;0.0082;0.0021;0;0.0007;0;0.0023;0.0385;0.0061;0;0;0;0;0;0;0;0.0044;0;0;0
30_065;100;260;640;;;4.55;39.3;22.79582367;51.97;7.5;35.2;19.6;6.2;80.6;86.8;62.3;149.1;41.77;Distrófico;;;;;;;;;2.44;11.64;7.11;0.117;0.0127;0;0;0;1.2883;0.0534;0.0097;0.1505;17.47;0;0.005;0.0308;0.0123;0.0016;0;0.0017;0.0009;0.0037;0.0348;0.0042;0;0;0;0;0;0;0;0.003;0;0;0
30_067;0;200;820;;;5.02;33.5;19.43155452;97.88;1.9;60.4;29.7;1.8;70.2;72;92;164;56.09;Eutrófico;;;;;;;;;0;11.38;7.57;0.1069;0;0;0;0;1.283;0.0328;0;0.0494;15.39;0;0.0057;0.026;0.0129;0.0028;0;0.0013;0.0015;0.0024;0.0367;0.006;0;0;0;0;0;0;0;0.0037;0;0;0
30_069;0;260;760;;;5.51;39;22.62180974;13.39;4.7;63.1;18.5;0;46.1;46.1;86.3;132.4;65.19;Eutrófico;;;;;;;;;1.9;13.29;6.87;0.0657;0;0;0;0.0202;1.7548;0.084;0;0.0845;19.41;0;0.0065;0.031;0.0091;0;0;0;0.0007;0.0018;0.0334;0.005;0;0;0;0;0;0;0;0.0024;0;0;0
30_071;20;320;660;;;4.35;70.8;41.06728538;20.09;1.2;40.3;13.9;18.6;117;135.6;55.4;191;29.01;Distrófico;;;;;;;;;2.37;12.79;8.76;0.1299;0;0;0;0;2.6318;0.0617;0;0.0671;12.72;0;0.0058;0.0199;0.011;0.0014;0;0.0012;0.0025;0.0022;0.0442;0.0081;0;0;0;0;0;0;0;0.0026;0;0;0
30_073;0;260;760;;;5.49;23.1;13.39907193;2.97;4.5;71.4;20.8;0;46.1;46.1;96.7;142.8;67.72;Eutrófico;;;;;;;;;1.92;11.47;8.81;0.1244;0;0;0;0.0232;2.2549;0.0913;0;0.2395;19.52;0;0.0097;0.0402;0.0164;0;0;0.0018;0.0018;0.0063;0.0355;0.0065;0;0;0;0;0;0;0;0.0023;0;0;0
30_075;500;220;280;;;5.3;16.1;9.3387471;257.8;5.6;218.1;54.9;0;53.5;53.5;278.7;332.2;83.9;Eutrófico;;;;;;;;;3.14;8.47;10.7;0.174;0;0;0;0.9969;2.2422;0.074;0;0.2552;14.77;0;0.0047;0.0185;0.0164;0;0;0.0039;0.01;0.0036;0.0314;0.0065;0;0;0;0.0099;0;0;0;0;0;0;0
30_077;20;220;760;;;4.43;22.1;12.81902552;33.31;3.3;50.2;16;10;73.6;83.6;69.5;153.1;45.41;Distrófico;;;;;;;;;1.93;11.4;9.03;0.0461;0;0;0;0;1.8698;0.0611;0.0109;0.132;17.08;0;0.0074;0.0253;0.0076;0.0024;0;0.0017;0.0015;0.004;0.036;0.0058;0;0;0;0;0;0;0;0.0024;0;0;0
30_079;0;220;800;;;4.93;15.6;9.048723898;0.77;2.5;25.7;14.2;2.3;51.2;53.5;42.4;95.9;44.19;Distrófico;;;;;;;;;2.12;15.21;7.05;0.0622;0;0;0;0;1.7606;0.0709;0.0078;0.1101;19.25;0;0.0089;0.0346;0.0119;0.0032;0;0.0014;0.001;0.0035;0.0437;0.0055;0;0;0;0.0068;0;0;0;0.0051;0;0;0
30_081;20;180;800;;;4.74;36.4;21.1136891;18.9;4.8;57.3;19.6;5.4;84.7;90.1;81.8;171.9;47.57;Distrófico;;;;;;;;;2.23;11.36;7.2;0.057;0;0;0;0;1.1946;0.0432;0;0.0429;13.54;0;0.0037;0.0185;0.0098;0.003;0;0.001;0.0014;0.0023;0.0338;0.005;0;0;0;0;0;0;0;0.0027;0;0;0
30_083;300;140;560;;;4.95;26.7;15.48723898;20.26;2;38.8;15.3;2.7;57.1;59.8;56;115.8;48.36;Distrófico;;;;;;;;;2.43;11.2;10.66;0.0915;0;0;0;0;1.8348;0.0535;0;0.0974;14.44;0;0.0041;0.026;0.0082;0.0013;0;0.0004;0.0021;0.0022;0.0474;0.0046;0;0;0;0.0072;0;0;0;0.0023;0;0;0
30_085;200;160;640;;;5.52;28.9;16.76334107;10.6;3.8;53.9;19;0;41.2;41.2;76.7;117.9;65.04;Eutrófico;;;;;;;;;3.27;10.53;8.24;0.0478;0;0;0;0;1.5199;0.0604;0;0.0764;12.35;0;0.0055;0.0185;0.0085;0.0012;0;0.0005;0.0014;0.0024;0.0324;0.0037;0;0;0;0;0;0;0;0.0021;0;0;0
30_087;540;100;360;;;4.58;20.1;11.65893271;15.26;3.2;25;13.9;4.3;57.8;62.1;42.1;104.2;40.4;Distrófico;;;;;;;;;1.84;8.46;12.26;0.0603;0;0;0;0;1.2088;0.037;0;0.0644;7.13;0;0;0.0119;0.0049;0;0;0.0007;0.0004;0.0022;0.023;0.0024;0;0;0;0;0;0;0;0.0016;0;0;0
30_089;20;300;680;;;6.19;41.7;24.18793503;5.68;11.3;79;29.7;0;30.6;30.6;119.9;150.5;79.67;Eutrófico;;;;;;;;;2.69;8.67;7.9;0.0824;0;0;0;0.2616;2.5247;0.0851;0;0.3348;20.58;0;0.0054;0.0401;0.019;0.0016;0;0.0027;0.0026;0.0068;0.0439;0.0074;0;0;0;0;0;0;0;0.003;0;0;0
30_091;100;300;600;;;5.13;36.4;21.1136891;10.85;4;93.8;28.1;0;59.8;59.8;125.9;185.7;67.79;Eutrófico;;;;;;;;;1.9;9.58;9.71;0.1106;0;0;0;0.1113;2.2574;0.1024;0;0.3149;21.03;0;0.0055;0.0381;0.0553;0.0012;0;0.0022;0.0036;0.005;0.0374;0.0061;0;0;0;0;0;0;0;0.002;0.0032;0;0
30_093;60;180;760;;;4.49;40.6;23.54988399;18.73;5.8;38.7;16.9;8.1;75.5;83.6;61.4;145;42.35;Distrófico;;;;;;;;;2.64;12.13;9.34;0.0227;0;0;0;0;1.8613;0.066;0;0.1218;17.09;0;0.0042;0.0295;0.0125;0.0029;0;0.0022;0.0023;0.0053;0.0396;0.0061;0;0;0;0;0;0;0;0.0024;0;0;0
30_095;180;340;480;;;5.16;48.8;28.3062645;2.89;4.9;110.6;34.8;0;72;72;150.3;222.3;67.62;Eutrófico;;;;;;;;;2.24;6.98;8.33;0.0604;0.0025;0;0;0.1961;2.7018;0.0939;0;0.3911;20.1;0;0;0.0369;0.0171;0;0;0.0011;0.0022;0.0017;0.0338;0.0064;0;0;0;0;0;0;0;0.002;0;0;0
30_097;20;300;680;;;4.6;37.4;21.6937355;4.69;1.8;51.9;18.1;2.9;77.6;80.5;71.8;152.3;47.15;Distrófico;;;;;;;;;2.2;10.6;8;0.1327;0;0;0;0;2.697;0.0995;0;0.2334;19.2;0;0.0058;0.0276;0.0143;0;0;0.0011;0.0027;0.0049;0.0385;0.0076;0;0;0;0;0;0;0;0.0019;0;0;0
30_099;20;220;760;;;5.07;45.6;26.45011601;13.13;4.9;46.1;21.3;1.3;58.5;59.8;72.3;132.1;54.72;Eutrófico;;;;;;;;;2.44;12.86;9.08;0.0638;0;0;0;0;1.4404;0.065;0;0.2012;18.04;0;0.0098;0.029;0.0113;0.0019;0;0.0013;0.0017;0.0042;0.0397;0.006;0;0;0;0;0;0;0;0.0047;0;0;0
31_001;658;111;231;;;4.5;16;9.280742459;3;1.7;12;6;2;31;33;19.7;52.7;37.38140417;Distrófico;9.216589862;6;;0.15;45;1;1.5;;1.62;11.51;16.92;0;0;0;0;0;0.6775;0;0;0.0502;3.9438;0;0.0031;0.0025;0.003;0.0007;0;0.0005;0.0009;0.0008;0.0172;0.0016;0;0;0.0041;0;0;0;0;0.0018;0;0;0
31_002;809;77;114;;;6.1;22;12.76102088;5;3.4;31;15;0;15;15;49.4;64.4;76.70807453;Eutrófico;0;3;;0.13;20;0.4;1.3;;1.99;6.36;21.39;0;0;0;0;0.1199;0.2943;0;0;0.024;0.7782;0;0;0;0.001;0;0;0.0008;0.0013;0.0008;0.0177;0.0009;0;0;0;0;0;0;0;0;0;0;0
31_005;893;25;82;;;5;6;3.480278422;1;1.7;10;4;0;17;17;15.7;32.7;48.01223242;Distrófico;0;4;;0.12;16;0.1;0.4;;0;5.29;21.31;0;0;0;0;0;0.4799;0;0;0.0274;1.1623;0;0;0;0.0012;0;0;0.0014;0.0009;0;0.0191;0.0011;0;0;0;0;0;0;0;0.0007;0;0;0
31_006;901;12;86;;;4;9;5.220417633;1;1.4;4;1;7;21;28;6.4;34.4;18.60465116;Distrófico;52.23880597;1;;0.12;15;0.8;0.1;;1.64;6.58;23.13;0;0;0;0;0;0.163;0;0;0.0104;0.5328;0;0;0;0;0;0;0.0004;0.0006;0.0004;0.0115;0;0;0;0;0;0;0;0;0;0;0;0
31_008;792;34;173;;;4.4;11;6.380510441;3;1.7;9;4;3;21;24;14.7;38.7;37.98449612;Distrófico;16.94915254;3;;0.18;17;1.1;4.7;;1.63;6.38;19.46;0;0;0;0;0;0.8936;0;0.0115;0.0233;2.0462;0;0;0;0.0036;0;0;0.0006;0.0005;0.0005;0.0297;0.0015;0;0;0;0;0;0;0;0;0;0;0
31_014;741;81;178;;;4.2;15;8.700696056;1;0.3;10;3;5;28;33;13.3;46.3;28.72570194;Distrófico;27.32240437;3;;;;;;;0;7.11;13.49;0;0;0;0;0;0.3785;0;0;0.0265;2.1024;0;0;0;0.0013;0;0;0;0;0.0007;0.0109;0.0013;0;0;0;0;0;0;0;0;0;0;0
31_018;869;23;109;;;3.9;12;6.960556845;1;0.4;4;2;9;20;29;6.4;35.4;18.07909605;Distrófico;58.44155844;3;;0.1;22;0.3;0.1;;2.57;6.5;20.59;0;0;0;0;0;0.3416;0;0.0196;0;0.3923;0;0;0;0;0;0;0.0006;0;0.0007;0.0087;0;0;0;0;0;0;0;0;0;0;0;0
31_021;866;34;100;;;4.9;15;8.700696056;1;0.7;11;5;1;16;17;16.7;33.7;49.55489614;Distrófico;5.649717514;1;;0.14;16;0.1;0.1;;1.66;6.77;18.79;0;0;0;0;0;0.2982;0;0;0.0128;1.1237;0;0;0;0;0;0;0;0;0.0006;0.0075;0;0;0;0;0;0;0;0;0;0;0;0
31_028;795;128;77;;;5.3;13;7.540603248;9;0.4;20;4;0;16;16;24.4;40.4;60.3960396;Eutrófico;0;2;;0.17;37;0.1;0.6;;1.96;5.39;18.86;0;0;0;0;0;0.2707;0;0;0.0217;0.995;0;0;0.0018;0.0012;0;0;0.0012;0.0008;0.0008;0.0204;0.0015;0;0;0;0;0;0;0;0;0;0;0
31_032;843;99;58;;;4.7;11;6.380510441;8;1;9;1;1;18;19;11;30;36.66666667;Distrófico;8.333333333;2;;0.1;79;0.3;1.9;;0;6.04;12.4;0.3302;0;0.1369;0;0;0.0632;0;0;0;0.2198;0;0;0;0;0;0;0.0005;0.0009;0.0013;0.0077;0.0019;0.0008;0;0;0;0;0;0;0;0;0.0037;0.0013
31_036;822;24;154;;;3.9;12;6.960556845;1;0.7;4;1;9;36;45;5.7;50.7;11.24260355;Distrófico;61.2244898;2;;0.11;35;0.1;0.1;;1.29;9.81;21.12;0;0;0;0;0;0.6535;0;0;0.0268;2.6975;0;0;0;0.0014;0;0;0;0;0.0007;0.0134;0.0012;0;0;0;0;0;0;0;0.001;0;0;0
31_038;639;76;285;;;4.6;23;13.34106729;33;1;19;6;2;38;40;26;66;39.39393939;Distrófico;7.142857143;2;;0.15;38;0.6;0.8;;2.34;10.16;13.2;0.0301;0;0;0;0;0.6995;0.0281;0.0087;0.02;3.7433;0;0;0.002;0.0014;0;0;0.0004;0.0011;0.001;0.0221;0.0029;0;0;0;0;0;0;0;0.0014;0;0;0
31_039;587;111;302;;;4;16;9.280742459;7;0.7;12;4;7;43;50;16.7;66.7;25.03748126;Distrófico;29.53586498;4;;0.13;36;0.7;0.1;;2.31;13.23;16.57;0.0185;0;0;0;0;0.9029;0;0.0084;0.0271;4.9343;0;0.0034;0.0028;0.0032;0.0012;0;0.0004;0.0013;0.0015;0.0287;0.0036;0;0;0;0;0;0;0;0.0017;0;0;0
31_042;569;105;326;;;5;23;13.34106729;2;2;18;9;0;33;33;29;62;46.77419355;Distrófico;0;3;;0.1;30;0.4;0.1;;1.89;9.74;14.54;0;0;0;0;0;0.5881;0;0;0.0231;3.6433;0;0;0;0.002;0.0011;0;0.0005;0.0009;0.0012;0.0237;0.0031;0;0;0;0;0;0;0;0.0012;0;0;0
31_044;715;60;225;;;4.1;14;8.120649652;1;0.3;7;3;4;27;31;10.3;41.3;24.93946731;Distrófico;27.97202797;2;;0.11;21;0.8;0.1;;1.63;11.77;17.64;0;0;0;0;0;0.6703;0;0.0091;0.0342;3.9855;0;0;0.0021;0.0026;0.001;0;0.0004;0.0006;0.0008;0.0211;0.0017;0;0;0;0;0;0;0;0.0016;0;0;0
31_046;845;74;81;;;4.9;32;18.56148492;7;1;15;5;1;27;28;21;49;42.85714286;Distrófico;4.545454545;2;;0.14;78;0.3;2;;0;5.42;19.53;0.0472;0;0.1731;0;0.0235;0.5709;0;0.0174;0.0196;1.4212;0;0;0;0.0016;0;0;0.0008;0.0011;0.0007;0.0461;0.0017;0;0;0;0;0;0;0;0;0;0;0
31_049;870;66;63;;;5.4;16;9.280742459;2;0.3;15;6;0;19;19;21.3;40.3;52.85359801;Eutrófico;0;2;;0.1;34;0.3;0.8;;1.87;4.87;25.32;0;0;0;0;0;0.6081;0;0.0109;0.0296;1.0136;0;0.0021;0;0.001;0;0;0.0017;0.0012;0.001;0.0326;0.0017;0;0;0;0;0;0;0;0;0;0;0
31_055;829;111;60;;;5.1;17;9.860788863;3;2.7;13;4;0;22;22;19.7;41.7;47.24220624;Distrófico;0;2;;0.11;20;0.1;0.3;;1.56;5.52;24.6;0.0301;0;0.0261;0;0;0.5047;0;0.0127;0.0299;1.1861;0;0.002;0;0.001;0;0;0.0016;0.0015;0.0009;0.0278;0.0016;0;0;0;0;0;0;0;0.0007;0;0;0
31_056;769;127;105;;;5;26;15.0812065;4;2;19;5;0;34;34;26;60;43.33333333;Distrófico;0;4;;0.2;114;0.9;1;;0;4.27;18.62;0;0;0;0;0.0376;0.4603;0;0;0.0426;1.2005;0;0;0;0.0018;0;0;0.0023;0.0016;0.0008;0.0318;0.0023;0;0;0;0;0;0;0;0.0009;0;0;0
31_060;482;324;194;;;6.7;16;9.280742459;402;3.1;235;73;0;14;14;311.1;325.1;95.69363273;Eutrófico;0;11;;0.37;40;2.1;7.6;;0;5.74;13.1;0.1132;0;0.0428;0;0.6577;0.58;0;0;0.0366;2.3759;0;0.0037;0.0028;0.0058;0;0;0.0059;0.0084;0.0016;0.0293;0.0054;0;0;0;0;0;0;0;0.0019;0;0;0
31_063;890;42;68;;;5.2;5;2.900232019;3;0.3;12;3;0;14;14;15.3;29.3;52.21843003;Eutrófico;0;10;;0.1;5;0.1;0.1;;1.7;5.36;25.2;0;0;0;0;0;0.4282;0;0.0118;0.0222;1.1762;0;0;0;0.0011;0;0;0.0009;0.0006;0.0004;0.0241;0.0019;0;0;0;0;0;0;0;0.001;0;0;0
31_068;745;31;224;;;5.3;12;6.960556845;1;0.3;18;3;0;18;18;21.3;39.3;54.19847328;Eutrófico;0;2;;0.11;11;0.7;24.1;;0;6.55;10.01;0.0503;0;0.0955;0;0;0.4424;0;0;0.0232;1.8354;0;0;0.0022;0.0038;0;0;0;0.0013;0.0009;0.0179;0.0019;0;0;0;0;0;0;0;0;0;0;0
31_070;508;151;341;;;4.1;17;9.860788863;5;0.3;18;6;10;42;52;24.3;76.3;31.84796855;Distrófico;29.15451895;15;;;;;;;1.41;11.76;14.57;0.0326;0;0;0;0;0.8603;0;0;0.0145;3.784;0;0;0;0.0034;0.0009;0;0.0003;0.0008;0.0014;0.0532;0.0035;0;0;0;0;0;0;0;0.0013;0;0;0
31_074;361;186;453;;;4.7;22;12.76102088;13;1.3;39;18;3;49;52;58.3;110.3;52.85584769;Eutrófico;4.893964111;19;;;;;;;0;10.3;9.78;0.0326;0;0;0;0;0.7858;0;0;0.0198;4.397;0;0;0.0033;0.0034;0.0011;0;0.0004;0.0014;0.0011;0.0489;0.0042;0;0;0;0;0;0;0;0.0017;0;0.0026;0
31_077;302;153;545;;;4.4;21;12.18097448;8;1.7;27;13;6;52;58;41.7;99.7;41.82547643;Distrófico;12.57861635;34;;;;;;;0;11.32;9.97;0;0;0;0;0;0.9156;0;0.0106;0.0125;4.11;0;0;0.0039;0.0042;0.0016;0;0.0004;0.0011;0.0014;0.0474;0.0044;0;0;0;0;0;0;0;0.0013;0;0.0022;0
31_078;137;255;608;;;4.8;15;8.700696056;2;1.7;30;33;2;32;34;64.7;98.7;65.55217832;Eutrófico;2.99850075;129;;;;;;;0;11.59;12.13;0;0;0;0;0;0.7202;0.0251;0.0085;0.0404;7.7569;0;0.0057;0.0058;0.0123;0;0;0.0114;0.0027;0.0029;0.03;0.0051;0;0;0;0;0;0;0;0.003;0;0.0022;0
31_079;271;134;595;;;4.7;19;11.02088167;21;2;27;15;3;35;38;44;82;53.65853659;Eutrófico;6.382978723;42;;;;;;;0;9.18;8.02;0.0467;0;0;0;0;0.6669;0;0;0.0173;3.8695;0;0.0032;0.0039;0.0143;0.001;0;0.0044;0.002;0.0018;0.0464;0.0043;0;0;0;0;0;0;0;0.0019;0;0.0035;0
31_086;321;114;565;;;4.3;17;9.860788863;8;2;20;8;5;42;47;30;77;38.96103896;Distrófico;14.28571429;77;;;;;;;2.01;12.54;9.19;0.0197;0;0;0;0;0.6911;0;0;0.0168;5.498;0;0.0025;0.0029;0.0045;0.001;0;0.0004;0.0012;0.0011;0.0467;0.0036;0;0;0;0;0;0;0;0.0015;0;0;0
31_089;322;140;538;;;5.4;18;10.44083527;19;2;37;16;0;28;28;55;83;66.26506024;Eutrófico;0;48;;;;;;;1.77;12.55;9.77;0.0253;0;0;0;0;0.7584;0;0;0.0201;5.3982;0;0.0036;0.0035;0.0053;0.0011;0;0.0005;0.0016;0.0013;0.0438;0.0046;0;0;0;0;0;0;0;0.0023;0;0.0017;0
31_090;309;193;498;;;5.2;26;15.0812065;19;1.7;35;17;0;29;29;53.7;82.7;64.93349456;Eutrófico;0;22;;;;;;;0;13.7;10.15;0.0344;0;0;0;0;0.6875;0;0;0.0225;6.2294;0;0;0.0033;0.0064;0.0009;0;0.0007;0.0015;0.0011;0.0496;0.0037;0;0;0;0;0;0;0;0.0023;0;0;0
31_113;532;194;274;;;5.3;17;9.860788863;45;1.7;41;21;0;25;25;63.7;88.7;71.8151071;Eutrófico;0;13;;;;;;;2;10.43;16.72;0.0478;0;0;0;0;0.7707;0;0.009;0.0208;2.5806;0;0.0021;0.004;0.0039;0;0;0.0017;0.0011;0.0014;0.0497;0.0035;0;0;0;0;0;0;0;0.0021;0;0;0
31_119;347;132;521;;;4.8;23;13.34106729;44;1.3;36;16;1;46;47;53.3;100.3;53.14057827;Eutrófico;1.841620626;58;;;;;;;0;12.46;10.3;0.0282;0;0;0;0;0.7236;0;0;0.0146;5.2051;0;0;0.0047;0.0039;0.001;0;0;0.0011;0.0014;0.0449;0.0043;0;0;0;0;0;0;0;0.002;0;0.0018;0
31_130;921;13;67;;;4.5;8;4.64037123;2;0.7;12;6;2;16;18;18.7;36.7;50.95367847;Eutrófico;9.661835749;3;;0.13;15;0.2;1.2;;0;5.56;16.36;0.0841;0;0;0;0;0.2218;0;0;0;0.7887;0;0;0;0;0;0;0.0004;0.0006;0.0008;0.0073;0.0011;0;0;0;0;0;0;0;0;0;0.0024;0
31_131;901;25;74;;;4.4;6;3.480278422;1;0.7;11;3;2;17;19;14.7;33.7;43.62017804;Distrófico;11.9760479;3;;0.1;9;0.3;0.1;;2.12;4.76;24.73;0.2094;0;0;0;0.158;0.6814;0.0362;0.0114;0.0709;1.2079;0;0.0024;0.0027;0.0054;0;0;0.0026;0.0032;0.0016;0.0341;0.0029;0;0;0;0;0;0;0;0.0013;0;0;0
31_133;898;67;36;;;4.6;5;2.900232019;2;0.3;12;2;1;16;17;14.3;31.3;45.68690096;Distrófico;6.535947712;1;;0.1;9;0.2;0.6;;1.68;7.86;12.86;0;0;0;0;0;0.6777;0;0;0.0402;3.6514;0;0;0.0031;0.0021;0.0008;0;0.0004;0.001;0.0009;0.0186;0.0016;0;0;0;0;0;0;0;0.0011;0;0;0
31_136;699;51;250;;;4.7;16;9.280742459;3;1.7;13;9;1;25;26;23.7;49.7;47.6861167;Distrófico;4.048582996;5;;0.22;22;1.1;3.1;;0;6.52;26.1;0;0;0;0;0;0.2262;0;0;0;1.2193;0;0;0;0;0;0;0;0;0;0.0079;0.0007;0;0;0;0;0;0;0;0;0;0;0
31_142;891;51;58;;;4.2;14;8.120649652;2;1.3;8;3;5;28;33;12.3;45.3;27.15231788;Distrófico;28.9017341;28.9;;;;;;;2.23;6.93;18.82;0;0;0;0;0;0.5944;0;0;0.0268;2.1632;0;0;0;0.0013;0;0;0;0.0003;0.0008;0.0178;0.002;0;0;0;0;0;0;0;0.0007;0;0;0
31_145;766;40;194;;;4.1;13;7.540603248;1;0.3;5;2;6;22;28;7.3;35.3;20.67988669;Distrófico;45.11278195;4;;0.12;25;0.3;0.1;;2.02;7.93;18.1;0;0;0;0;0;0.5139;0;0;0.0195;2.6359;0;0;0.0018;0.0015;0.0005;0;0;0.0004;0.0006;0.0176;0.0013;0;0;0;0;0;0;0;0.0008;0;0;0
31_154;831;24;145;;;5.6;11;6.380510441;23;0.7;35;17;0;19;19;52.7;71.7;73.50069735;Eutrófico;0;1;;0.24;16;0.1;0.7;;1.69;9.96;19.38;0;0;0;0;0;0.5359;0;0;0.0163;2.2268;0;0;0;0.0012;0;0;0;0.0006;0.0006;0.0138;0.0011;0;0;0;0;0;0;0;0;0;0;0
31_158;794;22;184;;;5;11;6.380510441;22;1;36;15;0;25;25;52;77;67.53246753;Eutrófico;0;2;;0.22;20;0.1;0.7;;2.38;9.91;16.76;0;0;0;0;0;0.5688;0;0;0.019;3.1626;0;0.003;0.002;0.0023;0.0008;0;0.0003;0.0007;0.0007;0.0193;0.0013;0;0;0;0;0;0;0;0.001;0;0;0
31_161;740;40;220;;;4.3;7;4.060324826;3;0.3;18;5;3;26;29;23.3;52.3;44.55066922;Distrófico;11.40684411;2;;0.23;19;0.5;0.1;;0;8.73;15.39;0;0;0;0;0;0.484;0;0;0.0138;2.7251;0;0;0.0023;0.001;0.0006;0;0;0.0005;0.0007;0.0129;0.0012;0;0;0;0;0;0;0;0.0011;0;0;0
31_165;843;24;133;;;4.1;9;5.220417633;10;0.7;12;3;4;32;36;15.7;51.7;30.36750484;Distrófico;20.30456853;2;;0.18;30;0.1;0.1;;1.89;9.99;19.09;0;0;0;0;0;0.578;0;0;0.0173;2.6339;0;0;0;0.0017;0;0;0;0.0004;0;0.014;0.0013;0;0;0;0;0;0;0;0.001;0;0;0
31_171;737;66;197;;;4.1;14;8.120649652;1;0.3;11;4;6;32;38;15.3;53.3;28.7054409;Distrófico;28.16901408;1;;;;;;;1.93;10.55;17.35;0;0;0;0;0;0.6311;0;0;0.02;2.9665;0;0.0025;0.0015;0.0019;0.001;0;0.0003;0.0003;0.0007;0.0128;0.0012;0;0;0.0036;0;0;0;0;0;0;0;0
31_172;804;119;76;;;6.6;14;8.120649652;50;9;0;9;1.3;25.7;27;4;32.3;41.3;Distrófico;78.20823245;9;;0.14;29;1.5;0.8;;0;4.12;17.85;0.0345;0;0.0404;0;0;0.4312;0;0;0.032;0.994;0;0;0;0;0;0;0.0021;0.0023;0.0009;0.0301;0.0022;0;0;0;0;0;0;0;0.001;0;0;0
31_178;761;150;90;;;5;8;4.64037123;7;0.4;12;6;0;16;16;18.4;34.4;53.48837209;Eutrófico;0;2;;0.17;10;0.3;0.1;;3.8;6.94;17.32;0;0;0;0;0;0.2987;0;0.0127;0.0236;0.9589;0;0;0;0.0019;0;0;0.0004;0.0006;0.0008;0.0153;0.0014;0;0;0;0;0;0;0;0;0;0;0
31_183;630;129;241;;;4.2;5;2.900232019;1;1.5;12;6;8;21;29;19.5;48.5;40.20618557;Distrófico;29.09090909;;;;;;;;0;7.45;13.14;0;0;0.0303;0;0;0.8151;0;0;0.0164;2.2424;0;0;0.0031;0.0015;0;0;0.002;0.0022;0.0022;0.0592;0.0057;0;0;0;0;0;0;0;0.0011;0;0.003;0
31_186;795;116;89;;;4.5;13;7.540603248;1;0.7;9;2;2;18;20;11.7;31.7;36.90851735;Distrófico;14.59854015;;;;;;;;0;5;18.04;0;0;0;0;0;0.4392;0;0;0.016;1.0334;0;0;0;0;0;0;0.0019;0.0016;0;0.0233;0.0021;0;0;0;0;0;0;0;0;0;0;0
31_188;887;66;48;;;4.5;13;7.540603248;1;1.4;8;4;3;18;21;13.4;34.4;38.95348837;Distrófico;18.29268293;;;;;;;;1.9;5.27;24.36;0;0;0;0;0;0.2942;0;0;0.0231;0.7645;0;0.0018;0;0;0;0;0.0008;0.0006;0;0.009;0.0011;0;0;0;0;0;0;0;0;0;0;0
31_197;800;121;79;;;5.5;12;6.960556845;40;3.9;11;9;0;16;16;23.9;39.9;59.89974937;Eutrófico;0;4;;0.19;31;0.2;0.6;;2.25;6.1;21.03;0.0377;0;0;0;0;0.8236;0;0;0.0254;1.7247;0;0;0;0.0011;0.0005;0;0;0.0003;0.0004;0.018;0;0;0;0.0038;0;0;0;0;0;0;0;0
31_200;768;29;203;;;4.5;14;8.120649652;6;1.1;12;5;2;29;31;18.1;49.1;36.86354379;Distrófico;9.950248756;6;;0.1;23;1.1;6.6;;0;9;20.41;0;0;0;0;0;0.702;0;0;0.032;2.5961;0;0;0.0017;0.0027;0.0007;0;0.0012;0.0012;0.0007;0.0262;0.0024;0;0;0;0;0;0;0;0.0008;0;0;0
32_002;941;17;42;;;5.4;13;7.540603248;23;0.7;24;15;0.5;14.5;15;39.7;54.7;73;Eutrófico;0.1;3;;0.14;17;0.4;0.2;;1.55;4.95;25.59;0.0431;0;0;;0;0.1741;0;0;0;0.349;0;0;0;0;0;0;0;0;0;0.0153;0;0;0;0;0;0;0;0;0;0;0;0
32_005;599;244;157;;;4.5;23;13.34106729;6;2.3;18;5;2.6;50.4;53;25.3;78.3;32;Distrófico;9.3;;;0.17;70;0.8;1.4;;2.62;6.02;22.26;0;0;0;;0;0.4857;0;0.0092;0.0392;1.5348;0;0;0;0.0025;0;0;0.0042;0.0037;0.0023;0.0314;0.0019;0;0;0;0;0;0;0;0.0015;0;0;0
32_007;280;296;424;;;5.4;25;14.50116009;30;2.9;51;21;0.5;25.5;26;74.9;100.9;74;Eutrófico;0.1;;;0.53;53;3.2;2.3;;1.98;11.56;16.21;0.0262;0;0;;0;0.757;0;0;0.0156;3.3766;0;0;0.0034;0.0032;0.0007;0;0.0011;0.0012;0.0029;0.0647;0.0042;0;0;0;0;0;0;0;0.0023;0;0;0
32_011;494;120;386;;;4.4;37;21.46171694;8;1.7;8;6;5.3;81.7;87;15.7;102.7;15;Distrófico;25.2;5;;0.27;85;3;0.5;;1.92;10.86;10.17;0.0295;0;0;;0;1.2073;0.0381;0;0.0262;6.96;0;0;0.0042;0.0037;0.0012;0;0.0007;0.0019;0.0011;0.024;0.0032;0;0;0;0;0;0;0;0.0012;0;0;0
32_013;848;50;102;;;4.8;21;12.18097448;7;1.5;8;5;3;42;45;14.5;59.5;24;Distrófico;17.1;3;;0.13;56;0.4;0.5;;1.42;7.4;21.1;0.0366;0;0;;0;0.4389;0;0;0;1.4122;0;0;0;0.0014;0;0;0.0006;0.0012;0.0005;0.0177;0.0011;0;0;0;0;0;0;0;0.001;0;0;0
32_017;362;192;446;;;5.2;63;36.54292343;82;4.6;42;18;0.5;52.5;53;64.6;117.6;55;Eutrófico;0.3;2.5;;0.28;63;2.2;9.3;;2.71;13.58;9.77;0.1768;0;0;;0.0823;1.1981;0.028;0;0.0193;5.0518;0;0.0031;0.0052;0.0097;0.0024;0;0.0012;0.0015;0.0027;0.0626;0.0059;0;0;0;0;0;0;0;0.0032;0.002;0;0
32_018;929;27;44;;;5.7;15;8.700696056;9;0.6;16;11;0.5;16.5;17;27.4;44.4;62;Eutrófico;0.1;;;0.07;9;0.4;0.2;;1.57;5.28;26.82;0;0;0;;0;0.0974;0;0;0;0.156;0;0;0;0;0;0;0;0;0;0.0052;0;0;0;0;0;0;0;0;0;0;0;0
32_025;293;190;517;;;4.5;45;26.10208817;80;2.2;44;13;1.2;85.8;87;59.2;146.2;40;Distrófico;2;2.5;;0.86;79;3.1;3.2;;2.46;14.6;7.41;0.1116;0;0;;0;0.9568;0.0236;0;0.0162;7.13;0;0;0.004;0.0045;0.0021;0;0.0007;0.0022;0.0015;0.0465;0.0045;0;0;0;0;0;0;0;0.0025;0;0;0
32_036;772;96;132;;;4.8;34;19.72157773;34;5.5;40;16;0.5;62.5;63;61.5;124.5;49;Distrófico;0.3;2.5;;0.76;83;2.7;3.1;;2.85;7.8;16.94;0.173;0;0;;0;0.4611;0;0.0091;0;1.4207;0;0;0;0.0017;0;0;0.0008;0.0013;0.0008;0.0208;0.0013;0;0;0;0;0;0;0;0;0;0;0
32_045;553;104;343;;;4.7;37;21.46171694;95;2.8;32;14;0.9;69.1;70;48.8;118.8;41;Distrófico;1.8;5;;0.55;83;1.7;4.6;;0;11.32;11.05;0.0991;0;0;;0;0.5817;0;0;0.0107;4.1839;0;0;0.0022;0.0033;0.002;0;0.0005;0.001;0.0014;0.04;0.0024;0;0;0;0;0;0;0;0.0013;0;0;0
32_050;557;151;292;;;4.2;44;25.52204176;4;1.3;3.4;2;26.9;138.1;165;4.3;169.3;3;Distrófico;86.2;;;0.45;138;0.4;0.4;;1.91;13.61;13.68;0.0227;0;0;;0;0.5912;0.0208;0;0.02;3.8704;0;0.002;0;0.0045;0.0006;0;0.0045;0.0037;0.0016;0.0304;0.0023;0;0;0;0;0;0;0;0.0022;0;0;0
32_052;649;80;271;;;4.8;23;13.34106729;64;2.8;27;6;3.5;58.5;62;35.8;97.8;37;Distrófico;8.9;;;0.29;80;2.2;1.4;;1.66;9.9;13.4;0.0554;0;0;;0;0.4982;0;0;0.0138;3.0886;0;0;0;0.0025;0.001;0;0.0009;0.0006;0.0013;0.0263;0.0019;0;0;0;0;0;0;0;0.001;0;0;0
32_054;365;180;455;;;3.9;31;17.98143852;3;0.6;3.4;2;16.6;96.4;113;1.4;114.4;1;Distrófico;92.2;;;0.41;56;0.9;0.2;;1.76;14.01;9.76;0.0332;0;0;;0;0.757;0.024;0;0.015;6.6929;0;0.0031;0.0025;0.0038;0.0034;0;0.0012;0.0013;0.0024;0.0418;0.0043;0;0;0;0;0;0;0;0.002;0;0;0
32_057;331;219;450;;;4.9;42;24.36194896;89;3.2;30;15;3.2;58.8;62;48.2;110.2;44;Distrófico;6.2;8;;0.74;73;2.3;5;;1.91;13.14;8.44;0.1086;0;0;;0;0.8334;0;0;0.0174;7.1198;0;0.0036;0.0035;0.0059;0.0036;0;0.0007;0.0013;0.0016;0.0339;0.0042;0;0;0;0;0;0;0;0.0017;0;0.0025;0
32_058;722;109;169;;;5.2;31;17.98143852;60;1.8;28;11;1;37;38;40.8;78.8;52;Eutrófico;2.4;2.5;;0.33;65;1.1;3.7;;0;8.2;13.91;0.0929;0;0;;0;0.486;0;0;0.0101;2.0315;0;0;0;0.0023;0;0;0.0006;0.0007;0.0008;0.0193;0.0017;0;0;0;0;0;0;0;0.0009;0;0;0
32_061;683;80;237;;;5;29;16.82134571;95;3;25;10;0.5;44.5;45;38;83;46;Distrófico;0.5;2.5;;0.39;64;1.2;15;;2.59;13.47;10.83;0.1479;0;0;;0;0.6508;0;0;0.0138;4.5137;0;0;0.0019;0.0077;0.0019;0;0.0009;0.0023;0.0026;0.0575;0.0034;0;0;0;0;0;0;0;0.0022;0;0;0
32_062;206;326;468;;;4.9;47;27.26218097;29;2.9;57;22;0.5;57.5;58;81.9;139.9;59;Eutrófico;0.1;7;;0.91;44;8.5;2.6;;1.42;10.93;8.14;0.1071;0;0;;0.056;2.855;0.0628;0;0.0801;12.06;0;0.0068;0.0221;0.0093;0.0017;0;0.0016;0.0039;0.0029;0.0577;0.01;0;0;0;0;0;0;0;0.0024;0;0;0
32_063;48;405;547;;;4.7;54;31.3225058;35;3.7;71;38;6.6;104.4;111;112.7;223.7;50;Eutrófico;5.5;11;;0.55;67;1.9;0.6;;2.51;9.98;12.71;0.0473;0;0;;0.0333;0.8071;0;0.0104;0.0391;5.4771;0;0.003;0.0059;0.0075;0.001;0;0.0055;0.0031;0.0029;0.0336;0.0045;0;0;0;0;0;0;0;0.003;0;0;0
32_065;784;76;140;;;5.2;24;13.92111369;10;1.5;18;9;0.5;25.5;26;28.5;54.5;52;Eutrófico;0.7;2.5;;0.23;68;0.9;1.7;;2.02;7.35;20.38;0.0205;0;0;;0;0.3123;0;0;0.0217;1.6104;0;0.0019;0;0.0017;0;0;0.0007;0.0005;0.0009;0.0306;0.0011;0;0;0;0;0;0;0;0.0008;0;0;0
32_066;621;254;125;;;5.2;21;12.18097448;8;0.7;20;8;0.5;22.5;23;28.7;51.7;56;Eutrófico;0;2.5;;0.15;50;0.8;0.8;;1.43;6.3;24.06;0;0;0;;0;0.3412;0;0;0.0321;1.1275;0;0;0;0;0;0;0.0017;0.0007;0.0013;0.0339;0.0018;0;0;0;0;0;0;0;0;0;0;0
32_075;695;201;104;;;4.9;13;7.540603248;26;1.4;16;8;0.5;24.5;25;25.4;50.4;50;Eutrófico;;;;0.19;35;1.6;1.1;;0;6.91;18.03;0.0284;0;0;;0;0.6243;0;0;0.0767;2.3399;0;0;0.0027;0.0018;0;0;0.0027;0.0011;0.0019;0.0283;0.0019;0;0;0;0;0;0;0;0.0015;0;0;0
32_080;400;159;441;;;4.6;34;19.72157773;20;1.2;22;11;10.5;89.5;100;34.2;134.2;25;Distrófico;23.5;2.5;;0.11;54;1.8;1;;2.23;10.92;12.3;0.0376;0;0;;0;1.1059;0.0342;0;0.0233;7.91;0;0.0032;0.0082;0.0051;0.0008;0;0.0009;0.0011;0.002;0.0406;0.004;0;0;0;0;0;0;0;0.0024;0;0;0
32_082;479;340;181;;;5;18;10.44083527;19;3.5;18;7;0.5;32.5;33;28.5;61.5;46;Distrófico;0.3;;;0.39;57;2.6;5.9;;1.7;6.53;22.75;0;0;0;;0;0.7161;0;0;0.0446;2.418;0;0;0.003;0.0032;0;0;0.0028;0.0009;0.0028;0.0737;0.0027;0;0;0;0;0;0;0;0.0013;0;0;0
32_084;80;335;585;;;5.5;26;15.0812065;194;4.8;79;17;0.5;34.5;35;100.8;135.8;74;Eutrófico;0.1;;;1.82;24;6.5;6.2;;2.52;10.93;14.35;0;0;0;;0.0185;0.8089;0.027;0;0.0631;8.12;0;0.0037;0.0073;0.0058;0.0037;0;0.0023;0.0027;0.0039;0.0574;0.0058;0;0;0;0;0;0;0;0.0048;0;0.0023;0
32_086;124;321;555;;;5.7;53;30.7424594;90;4.3;91;26;0.5;24.5;25;121.3;146.3;83;Eutrófico;;;;0.59;23;3.1;3.3;;3.12;14.39;6.18;0.0858;0;0;;0.1542;0.855;0.0319;0;0.0179;10.02;0;0.0031;0.0079;0.0068;0.0037;0;0.003;0.0033;0.0032;0.0374;0.0051;0;0;0;0;0;0;0;0.0033;0;0;0
32_088;803;65;132;;;4.7;20;11.60092807;48;1.9;20;8;1.1;33.9;35;29.9;64.9;46;Distrófico;3.5;2.5;;0.17;50;0.5;6.1;;1.82;11.28;17.98;0.071;0;0;;0;0.4363;0;0.0085;0.0128;1.6579;0;0;0;0.0024;0.0007;0;0.0005;0.0013;0.0012;0.0237;0.0012;0;0;0;0;0;0;0;0.0009;0;0;0
32_092;260;251;489;;;5.4;31;17.98143852;112;10.8;58;17;0.5;49.5;50;85.8;135.8;63;Eutrófico;;5;;1.84;32;12.4;10.8;;2.55;11.75;12.86;0.1143;0;0;;0;3.5494;0.087;0;0.1083;14.18;0;0.0046;0.0113;0.0132;0;0;0.0012;0.0019;0.0045;0.0778;0.0137;0;0;0;0;0;0;0;0.003;0;0;0
32_093;618;255;127;;;4.8;20;11.60092807;31;2;21;5;1.2;34.8;36;28;64;44;Distrófico;;;;0.3;44;0.6;1.1;;2.62;6.82;19.98;0.0645;0;0;;0;0.5604;0;0.0092;0.0636;1.8611;0;0;0.002;0.0023;0;0;0.0034;0.0036;0.0023;0.0451;0.0027;0;0;0;0;0;0;0;0.0018;0;0;0
32_099;513;227;260;;;5.1;22;12.76102088;16;5;30;14;0.5;41.5;42;49;91;54;Eutrófico;;7;;0.39;90;1;2.5;;1.54;9.14;17.6;0.0526;0;0;;0;0.5519;0;0;0.0301;2.9357;0;0;0;0.0032;0.0006;0;0.0034;0.0013;0.0027;0.0369;0.0022;0;0;0;0;0;0;0;0.0016;0;0;0
32_100;739;74;187;;;4.4;20;11.60092807;17;0.6;4;3;2;25;27;7.4;34.4;22;Distrófico;;3;;0.05;22;2.1;0.2;;1.74;10.33;21.94;0;0;0;;0;0.4737;0;0.0089;0.0257;1.2029;0;0;0.003;0.001;0;0;0;0.0005;0.0014;0.0537;0.0017;0;0;0;0;0;0;0;0.0009;0;0;0
32_109;713;102;185;;;4.8;16;9.280742459;55;1.2;12;6;1.8;33.2;35;19.2;54.2;35;Distrófico;8.6;;;0.13;35;0.4;2;;2.15;10.64;15.99;0.0424;0;0;;0;0.3337;0;0;0.0107;2.1904;0;0;0;0.0016;0;0;0.0004;0.0005;0.0014;0.0247;0.0013;0;0;0;0;0;0;0;0;0;0;0
32_117;333;204;463;;;5.2;22;12.76102088;24;1;28;9;0.5;34.5;35;38;73;52;Eutrófico;0.8;;;0.39;18;10.1;1.3;;1.56;11.15;9.63;0.0564;0;0;;0;1.7037;0.0613;0;0.165;14;0;0.0039;0.0384;0.0075;0.001;0;0.0006;0.0023;0.0029;0.0472;0.0046;0;0;0.0048;0;0;0;0;0.0018;0;0;0
32_126;311;347;342;;;5.3;24;13.92111369;234;9;73;20;0.5;39.5;40;102;142;72;Eutrófico;;4;;1.26;53;15.9;22.6;;2.35;7.71;14.2;0.0839;0;0;;0.0851;0.6027;0;0;0.0258;3.6746;0;0;0.008;0.0113;0.001;0;0.0051;0.0015;0.0025;0.0359;0.0035;0;0;0;0;0;0;0;0.0017;0;0;0
32_127;329;387;284;;;5.4;21;12.18097448;60;4;64;16;0.5;27.5;28;84;112;75;Eutrófico;;;;0.73;29;6;3.5;;2.63;6.47;18.59;0.0443;0;0;;0;1.1301;0;0;0.0847;5.6001;0;0;0.0093;0.0057;0.0007;0;0.0044;0.0015;0.0028;0.049;0.0045;0;0;0;0;0;0;0;0.0013;0;0;0
32_129;415;114;471;;;5.1;34;19.72157773;84;4.8;54;16;0.5;58.5;59;74.8;133.8;56;Eutrófico;;4;;0.67;88;7.2;36.5;;2.03;12.52;10.4;0.1154;0;0;;0;0.7075;0.0191;0.0066;0.0311;6.3162;0;0.0023;0.0055;0.0147;0.0031;0;0.0016;0.0035;0.0022;0.0333;0.0035;0;0;0;0;0;0;0;0.0025;0.0021;0;0
32_132;63;255;682;;;5.3;26;15.0812065;79;2.8;39;15;0.5;25.5;26;56.8;82.8;69;Eutrófico;;6;;0.32;19;0.6;2.6;;2.97;21.55;5.93;0.0435;0;0;;0;1.024;0;0.0116;0;5.0222;0;0.0021;0.0019;0.0037;0.0015;0;0.0004;0.0019;0.0034;0.0484;0.0072;0;0;0;0;0;0;0;0;0;0.0029;0
32_135;404;362;234;;;4.9;20;11.60092807;14;3.4;21;9;0.5;34.5;35;33.4;68.4;49;Distrófico;;3;;0.29;88;2.2;2.1;;0;6.02;20.72;0.0342;0;0;;0;0.7406;0;0;0.0396;2.9823;0;0;0.0038;0.0033;0;0;0.007;0.0035;0.0031;0.0358;0.0032;0;0;0;0;0;0;0;0.002;0;0;0
32_143;287;208;505;;;5.5;53;30.7424594;23;1.4;49;22;0.5;35.5;36;72.4;108.4;67;Eutrófico;;3;;0.23;32;0.5;1.6;;1.99;16.18;7.36;0.0369;0;0;;0;0.9004;0.0196;0.0074;0.0087;12.66;0;0;0;0.0022;0.0035;0;0.0008;0.0036;0.0031;0.0841;0.0067;0;0;0;0;0;0;0;0.0034;0;0.0032;0
32_159;415;235;350;;;4.1;16;9.280742459;5;1.3;4;2;10.4;60.6;71;6.3;77.3;8;Distrófico;62.3;;;0.25;44;0.4;0.6;;2.67;15.55;16.35;0;0;0;;0;0.3013;0.025;0;0.0773;2.8552;0;0;0;0.005;0;0;0.004;0.0123;0.0008;0.0353;0.0017;0;0;0;0;0;0;0;0.0022;0;0;0
32_161;479;289;232;;;4.8;25;14.50116009;28;3.1;27;12;1.8;48.2;50;42.1;92.1;46;Distrófico;4.1;4;;0.27;96;1;1.1;;1.98;6.74;20.98;0.0305;0;0;;0;0.5328;0;0;0.0189;1.9772;0;0;0.002;0.002;0.0007;0;0.004;0.0015;0.0019;0.0398;0.0025;0;0;0;0;0;0;0;0.001;0;0;0
32_168;234;171;595;;;5.6;42;24.36194896;70;4.3;90;25;0.5;31.5;32;119.3;151.3;79;Eutrófico;;4;;0.44;35;3.9;11.1;;1.76;14.02;7.65;0.0856;0;0;;0.0416;0.8504;0;0.0076;0.0121;7.94;0;0;0.0046;0.0078;0.0028;0;0.0009;0.0038;0.0031;0.0536;0.0052;0;0;0;0;0;0;0;0.0039;0;0.0022;0
32_172;620;216;164;;;4.4;38;22.04176334;3;3.6;15;7;5.6;67.4;73;25.6;98.6;26;Distrófico;17.9;;;0.22;94;1.2;0.8;;1.46;7.62;18.04;0.0266;0;0;;0;0.3929;0;0;0.0713;2.3883;0;0;0.0016;0.0024;0;0;0.003;0.0015;0.0011;0.017;0.0013;0;0;0;0;0;0;0;0.0012;0;0;0
32_177;285;139;576;;;4.9;33;19.14153132;37;2.1;32;11;1.2;73.8;75;45.1;120.1;38;Distrófico;2.6;6;;0.57;52;1.1;2.5;;1.48;12.62;11.14;0.0503;0;0;;0;0.8059;0.025;0;0.0188;5.2685;0;0.004;0.0033;0.0054;0.0025;0;0.0007;0.002;0.0031;0.0585;0.0048;0;0;0;0;0;0;0;0.0018;0;0;0
32_184;501;311;188;;;4.6;27;15.6612529;16;0.9;16;7;2.4;54.6;57;23.9;80.9;30;Distrófico;9.1;;;0.22;132;1;1.8;;1.97;7.69;20.27;0;0;0;;0;0.4415;0;0;0.0225;1.7499;0;0;0;0.0018;0;0;0.0028;0.0007;0.002;0.0362;0.002;0;0;0;0;0;0;0;0.0011;0;0;0
32_185;729;71;200;;;5.3;29;16.82134571;195;2.8;42;14;0.5;41.5;42;58.8;100.8;58;Eutrófico;;;;0.18;50;6.8;17.5;;2.4;11.78;12.44;0.2553;0;0;;0.0636;0.7761;0.0261;0;0.0186;4.9064;0;0.0026;0.0064;0.0094;0;0;0.0004;0.005;0.0018;0.0276;0.0024;0;0;0;0;0;0;0;0.0017;0.0021;0;0.0009
32_187;143;436;421;;;4.2;33;19.14153132;8;2.1;39;20;17.6;120.4;138;61.1;199.1;31;Distrófico;22.4;;;0.2;72;1.1;1.4;;2.94;10.87;16.14;0;0;0;;0;0.545;0;0;0.1093;5.7461;0;0.0047;0.0024;0.0076;0.0013;0;0.0146;0.003;0.0026;0.0243;0.0035;0;0;0;0;0;0;0;0.0028;0;0;0
32_188;405;265;330;;;4.9;24;13.92111369;10;1.7;38;8;3.4;54.6;58;47.7;105.7;45;Distrófico;6.7;5;;0.24;56;1.4;0.5;;1.56;9.79;16.51;0.0187;0;0;;0;0.5673;0;0;0.0196;3.8265;0;0;0.0019;0.0022;0.0009;0;0.0035;0.0014;0.0021;0.032;0.0026;0;0;0;0;0;0;0;0.0013;0;0;0.001
32_192;893;31;76;;;5.6;9;5.220417633;60;0.6;40;4;0.5;16.5;17;44.6;61.6;72;Eutrófico;;5;;0.13;23;0.4;0.6;;2.65;7.17;22.68;0.0228;0;0;;0;0.3038;0;0;0;1.1193;0;0;0;0;0;0;0;0.0007;0;0.0102;0;0;0;0;0;0;0;0;0;0;0;0
32_195;48;281;671;;;6.1;30;17.40139211;37;8.7;81;22;0.5;17.5;18;111.7;129.7;86;Eutrófico;;7;;0.78;16;6.6;2.1;;0;13.02;10.46;0.0557;0;0;;0.0636;1.5311;0.0536;0;0.0965;12.67;0;0.0075;0.0204;0.0088;0.0036;0;0.002;0.0017;0.0043;0.0434;0.0067;0;0;0;0;0;0;0;0.0038;0;0;0
32_199;761;139;100;;;4.2;12;6.960556845;5;0.6;8;2;1.2;22.8;24;10.3;34.3;30;Distrófico;10.4;4;;0.13;18;0.4;0.2;;2.13;9.32;24.47;0;0;0;;0;0.5655;0;0.0086;0.049;1.2653;0;0.0026;0;0.0014;0;0;0.0005;0.001;0.0011;0.0508;0.0015;0;0;0;0;0;0;0;0.0013;0;0;0
28_15;;;;;;;;;;;;;;;;;;;;;;;;;;;;2.15;10.6;8.62;0.1426;0.0226;0;0;0.4325;2.3487;0.0639;0;0.0799;12.33;0;0;0.0165;0.0108;0;0;0;0.0033;0.0017;0.0345;0.0061;0;0;0;0;0;0;0;0;0;0;0
28_18;;;;;;;;;;;;;;;;;;;;;;;;;;;;1.79;10.42;6.37;0.3018;0.0842;0;0;1.5903;2.6468;0.0449;0.0094;0.0647;12.39;0;0;0.0056;0.0135;0;0;0;0.0045;0.0008;0.0422;0.0077;0;0;0;0;0;0;0;0.0017;0;0;0
28_20;;;;;;;;;;;;;;;;;;;;;;;;;;;;1.6;11.27;12.96;0.1482;0;0;0;0;1.1297;0;0.0088;0.0196;4.0454;0;0;0.0092;0.0019;0;0;0;0.0005;0.0005;0.0366;0.0088;0;0;0;0;0;0;0;0.001;0;0;0
28_23;;;;;;;;;;;;;;;;;;;;;;;;;;;;2.87;13.91;8.84;0.235;0;0;0;0;3.2602;0.0851;0;0.1343;20.04;0;0.0044;0.0228;0.0132;0;0;0.0006;0.0034;0.003;0.0618;0.0107;0;0;0;0;0;0;0;0;0;0;0
28_24;;;;;;;;;;;;;;;;;;;;;;;;;;;;2.5;10.87;8.95;0.0758;0;0;0;0;1.4369;0.0511;0;0.0435;8.83;0;0;0.004;0.0042;0;0;0;0.0042;0.001;0.0402;0.0048;0;0;0;0;0;0;0;0.0023;0;0;0
28_25;;;;;;;;;;;;;;;;;;;;;;;;;;;;3.68;13.44;6.69;0.1962;0;0;0;0;2.5329;0.0779;0;0.1012;19.27;0;0;0.0232;0.0104;0;0;0.0006;0.0031;0.0019;0.0562;0.0086;0;0;0;0;0;0;0;0;0;0;0
28_26;;;;;;;;;;;;;;;;;;;;;;;;;;;;2.19;8.72;13.63;0.0787;0;0;0;0;1.3977;0.0266;0;0.0275;7.19;0;0;0.0035;0.0024;0;0;0;0.0007;0.0005;0.0266;0.0036;0;0;0;0;0;0;0;0;0;0;0
28_27;;;;;;;;;;;;;;;;;;;;;;;;;;;;2.4;9.86;12.94;0.0559;0;0;0;0;1.5507;0.0244;0;0.036;6.6959;0;0;0.0025;0.0028;0.0006;0;0;0.0008;0;0.0288;0.003;0;0;0.004;0;0;0;0;0;0;0;0
28_28;;;;;;;;;;;;;;;;;;;;;;;;;;;;1.22;7.74;21.25;0.0344;0;0;0;0;0.5305;0;0;0.011;2.0284;0;0.0024;0;0.001;0;0;0;0.001;0.0005;0.0121;0.0011;0;0;0;0;0;0;0;0;0;0;0
28_29;;;;;;;;;;;;;;;;;;;;;;;;;;;;2.33;16.69;9.69;0.1058;0;0;0;0;0.8513;0.028;0.0071;0.0191;6.57;0;0;0.0047;0.0042;0;0;0;0.0025;0.0015;0.0492;0.0113;0;0;0;0;0;0;0;0.0018;0;0;0
28_31;;;;;;;;;;;;;;;;;;;;;;;;;;;;2.83;13.37;8.18;0.1478;0;0;0;0.0826;1.2038;0.0256;0.0236;0.017;5.7115;0;0.0023;0.005;0.004;0.0009;0;0;0.0021;0.0008;0.0387;0.0123;0;0;0;0;0;0;0;0;0;0;0
28_32;;;;;;;;;;;;;;;;;;;;;;;;;;;;2.07;14.95;10.53;0.2101;0;0;0;0;1.6062;0.0275;0.0226;0.0186;6.1166;0;0;0.0057;0.0059;0;0;0;0.0016;0.001;0.0486;0.0139;0;0;0;0;0;0;0;0.0014;0;0;0
28_34;;;;;;;;;;;;;;;;;;;;;;;;;;;;1.98;10.08;6.42;0.1359;0;0;0;0;2.675;0.1145;0;0.1761;19.4;0;0;0.0108;0.0136;0;0;0.0009;0.0137;0.0038;0.0454;0.0093;0;0;0;0.0077;0;0;0;0.0043;0;0;0
28_35;;;;;;;;;;;;;;;;;;;;;;;;;;;;1.61;10.55;13.14;0.0628;0;0;0;0;0.6106;0;0;0.0598;4.4612;0;0.0039;0.0028;0.0034;0;0;0.0031;0.0012;0.0019;0.027;0.0039;0;0;0;0;0;0;0;0.0012;0;0;0
28_36;;;;;;;;;;;;;;;;;;;;;;;;;;;;1.84;9.45;19.35;0.0788;0;0;0;0;0.4977;0;0;0.0212;2.6123;0;0;0.0017;0.0015;0;0;0;0.0008;0.0005;0.0287;0.0015;0;0;0;0;0;0;0;0.0013;0;0.0015;0
28_37;;;;;;;;;;;;;;;;;;;;;;;;;;;;2.69;12.46;10.4;0.1341;0;0;0;0;0.8924;0;0;0.0084;4.781;0;0;0.0023;0.0019;0.0009;0;0;0.0003;0.001;0.0369;0.01;0;0;0;0;0;0;0;0;0;0;0
28_39;;;;;;;;;;;;;;;;;;;;;;;;;;;;3.84;15.32;8.07;0.1964;0;0;0;0;3.0894;0.086;0;0.165;18.85;0;0.0072;0.019;0.0151;0;0;0.0006;0.0097;0.0059;0.055;0.0112;0;0;0;0;0;0;0;0.0023;0;0;0
28_41;;;;;;;;;;;;;;;;;;;;;;;;;;;;1.94;9.47;10.66;0.106;0;0;0;0;1.3157;0.0319;0.0217;0.0172;4.9021;0;0;0;0.002;0;0;0;0.0027;0.0013;0.0418;0.0126;0;0;0;0;0;0;0;0.0013;0;0;0
28_42;;;;;;;;;;;;;;;;;;;;;;;;;;;;3.07;11.74;8.63;0.1713;0;0;0;0.0498;1.7392;0.0377;0.0138;0.0373;8.69;0;0;0.0045;0.0054;0;0;0;0.0023;0.0005;0.0328;0.0099;0;0;0;0;0;0;0;0.0015;0;0;0
28_43;;;;;;;;;;;;;;;;;;;;;;;;;;;;2.36;13.09;4.46;0.262;0.0167;0;0;0;2.6678;0.0867;0.0081;0.1067;19.85;0;0;0.0124;0.0138;0;0;0;0.0074;0.0046;0.0599;0.0115;0;0;0;0;0;0;0;0.0026;0;0;0
28_44;;;;;;;;;;;;;;;;;;;;;;;;;;;;2.04;11.89;9.34;0.1393;0;0;0;0;1.6573;0.0318;0.0097;0.0205;6.2382;0;0;0.0027;0.0023;0.0008;0;0;0.0028;0.0008;0.0669;0.013;0;0;0;0;0;0;0;0;0;0;0
28_45;;;;;;;;;;;;;;;;;;;;;;;;;;;;1.62;13.38;8.04;0.1167;0;0;0;0;1.7686;0.0361;0.016;0.0173;7.53;0;0;0.0034;0.0031;0.0015;0;0;0.0038;0.0015;0.061;0.0161;0;0;0.0043;0;0;0;0;0.0011;0;0.0023;0
28_46;;;;;;;;;;;;;;;;;;;;;;;;;;;;2.1;9.81;9.38;0.1132;0;0.106;0;0;2.5287;0.0801;0;0.1975;15.03;0;0.0075;0.0235;0.0138;0;0;0.0009;0.0033;0.0053;0.0384;0.0061;0;0;0;0;0;0;0;0;0;0;0
28_47;;;;;;;;;;;;;;;;;;;;;;;;;;;;2.54;12.43;7.63;0.1785;0;0.0178;0;0.1811;2.5146;0.0996;0;0.1239;18.45;0;0;0.0311;0.0163;0;0;0.0011;0.0041;0.0055;0.0558;0.0092;0;0;0;0.0066;0;0;0;0;0;0;0
28_48;;;;;;;;;;;;;;;;;;;;;;;;;;;;2.9;13.77;3.7305;0.1576;0;0;0;0;3.0303;0.104;0;0.12;22.73;0;0.0048;0.0171;0.007;0;0;0;0.0015;0.0014;0.0547;0.008;0;0;0;0;0;0;0;0.0021;0;0;0
28_49;;;;;;;;;;;;;;;;;;;;;;;;;;;;2.09;10.21;7.13;0.1435;0.0214;0;0;0.0155;2.4284;0.0612;0;0.0633;11.93;0;0;0.0129;0.0088;0;0;0.0005;0.0023;0.0013;0.0405;0.0053;0;0;0;0;0;0;0;0.0015;0;0;0
28_50;;;;;;;;;;;;;;;;;;;;;;;;;;;;2.83;10.97;7.8;0.1436;0;0;0;0.0801;2.52;0.073;0;0.1539;15.31;0;0.0051;0.007;0.0119;0;0;0.0019;0.0045;0.0038;0.0422;0.0072;0;0;0;0;0;0;0;0;0;0;0
28_51;;;;;;;;;;;;;;;;;;;;;;;;;;;;2.52;8.79;13.48;2.3288;0;0.0525;0;5.5229;0.4982;0.0704;0.0164;0.3308;6.0959;0;0.0408;0.0065;0.0421;0.0024;0;0.0111;0.0179;0.0074;0.015;0.0023;0;0;0;0;0;0;0;0.0049;0;0.0024;0.0016
28_52;;;;;;;;;;;;;;;;;;;;;;;;;;;;1.66;10.75;4.67;0.1228;0.0198;0;0;0;2.5035;0.09;0;0.1373;19.49;0;0.0056;0.0318;0.0122;0;0;0;0.0025;0.0048;0.0518;0.0081;0;0;0;0;0;0;0;0.0016;0;0;0
28_53;;;;;;;;;;;;;;;;;;;;;;;;;;;;2.52;13.11;2.6473;0.1426;0;0;0;0;3.2342;0.0993;0;0.0979;21.6;0;0;0.0083;0.0089;0;0;0;0.0026;0.0032;0.0549;0.0086;0;0;0;0;0;0;0;0;0.0033;0;0
28_54;;;;;;;;;;;;;;;;;;;;;;;;;;;;2.58;12.2;4;0.1847;0.0121;0;0;0.1079;2.8893;0.0858;0;0.1832;18.69;0;0;0.0176;0.0092;0.001;0;0.0007;0.0022;0.005;0.0513;0.0098;0;0;0;0;0;0;0;0;0;0;0
28_55;;;;;;;;;;;;;;;;;;;;;;;;;;;;2.44;12.57;8.34;0.1364;0;0;0;0.0532;2.7665;0.0923;0;0.1258;18.65;0;0;0.0222;0.0129;0;0;0.0007;0.0041;0.0033;0.0582;0.0098;0;0;0;0.008;0;0;0;0.0022;0;0;0
28_57;;;;;;;;;;;;;;;;;;;;;;;;;;;;2.18;12.51;8.88;0.1851;0.0126;0;0;0;1.3733;0.0352;0;0.0939;14.97;0;0;0.0108;0.012;0;0;0.0014;0.0045;0.0079;0.0787;0.0105;0;0;0;0;0;0;0;0.0017;0;0;0
28_58;;;;;;;;;;;;;;;;;;;;;;;;;;;;1.52;10.29;4.1718;0.178;0.025;0;0;0.1779;2.95;0.0808;0;0.0793;16.92;0;0;0.0114;0.0113;0;0;0;0.0056;0.0014;0.0513;0.0085;0;0;0;0;0;0;0;0.0022;0;0;0
28_60;;;;;;;;;;;;;;;;;;;;;;;;;;;;2;12.86;4.91;0.1435;0;0;0;0;3.2717;0.0878;0;0.0619;17.73;0;0;0.0086;0.0051;0;0;0;0.0019;0.0012;0.0498;0.0087;0;0;0;0;0;0;0;0.0016;0;0;0
28_72;;;;;;;;;;;;;;;;;;;;;;;;;;;;0;9.69;5.31;0.0925;0.0907;0;0;0.1921;0.8233;0;0.0112;0.0105;5.837;0;0;0.0027;0.0026;0;0;0;0.0033;0.0015;0.054;0.0136;0;0;0;0;0;0;0;0;0;0;0
28_77;;;;;;;;;;;;;;;;;;;;;;;;;;;;11.97;9.1;0.1992;0.0206;0;0;0.5375;1.7333;0.0702;0;0.0744;12.33;0;0.003;0.0153;0.0096;0;0;0;0.0034;0.0022;0.0424;0.0064;0;0;0;0;0;0;0;0.0012;0;0;0;61.28
28_180;;;;;;;;;;;;;;;;;;;;;;;;;;;;11.38;4.74;0.2147;0.0605;0;0;0;3.1024;0.0797;0;0.0511;13.42;0;0.0036;0.011;0.0079;0.0014;0;0;0.0037;0.0014;0.0537;0.0099;0;0;0;0;0;0;0;0;0;0;0;63.03
28_183;;;;;;;;;;;;;;;;;;;;;;;;;;;;7.16;18.28;0.0195;0;0.0245;0;0;0.4841;0;0;0.0103;2.3748;0;0;0;0;0.0005;0;0;0.0009;0.0006;0.0194;0.0016;0;0;0;0;0;0;0;0;0;0;0;69.8
28_184;;;;;;;;;;;;;;;;;;;;;;;;;;;;6.42;17.09;0.0328;0;0.0452;0;0;0.4972;0;0;0.0208;1.831;0;0;0.0018;0.0013;0;0;0;0.0008;0.0005;0.0224;0.001;0;0;0;0;0;0;0;0;0;0;0;71.77
28_185;;;;;;;;;;;;;;;;;;;;;;;;;;;;12.87;3.086;0.1671;0.0219;0.0467;0;0;3.291;0.0798;0;0.1316;22.34;0;0;0.0119;0.0107;0;0;0;0.005;0.0021;0.0556;0.0104;0;0;0;0;0;0;0;0.002;0;0;0;54.48
28_186;;;;;;;;;;;;;;;;;;;;;;;;;;;;12.89;17.08;0.0205;0;0;0;0;0.6496;0;0.0119;0.0111;5.0524;0;0.0034;0.0031;0.0017;0.0007;0;0.0022;0.0009;0.001;0.0271;0.0022;0;0;0;0;0;0;0;0.0009;0;0;0;62.27
28_187;;;;;;;;;;;;;;;;;;;;;;;;;;;;14.41;5.25;0.1922;0;0;0;0;2.4918;0.0577;0;0.0767;16.16;0;0;0.0066;0.0073;0;0;0;0.0026;0.0013;0.0613;0.0089;0;0;0.0054;0;0;0;0;0.0018;0;0;0;58.96
28_188;;;;;;;;;;;;;;;;;;;;;;;;;;;;6.29;19.93;0.0621;0;0;0;0;1.0683;0;0;0.0446;2.9317;0;0;0.0036;0.0018;0;0;0.0003;0.0028;0.0012;0.0345;0.0013;0;0;0;0;0;0;0;0;0;0;0;68.01
28_189;;;;;;;;;;;;;;;;;;;;;;;;;;;;8.87;8.05;0.1509;0.0213;0;0;0;2.2137;0.0698;0;0.1649;14.79;0;0;0.0347;0.0103;0;0;0.0033;0.0065;0.006;0.0522;0.0093;0;0;0;0;0;0;0;0.0018;0;0;0;65.32
28_190;;;;;;;;;;;;;;;;;;;;;;;;;;;;9.64;11.62;0.0965;0;0;0;0;1.1097;0.0329;0.0187;0.031;4.3413;0;0;0.003;0.0025;0;0;0.0005;0.0033;0.0017;0.0314;0.0105;0;0;0;0;0;0;0;0.001;0;0;0;70.48
28_191;;;;;;;;;;;;;;;;;;;;;;;;;;;;8.16;18.17;0.0693;0;0.0224;0;0;1.0816;0.0258;0;0.0258;3.7437;0;0;0.0038;0.0029;0;0;0.0009;0.0014;0.0009;0.0199;0.0019;0;0;0;0;0;0;0;0;0;0;0;66.68
28_194;;;;;;;;;;;;;;;;;;;;;;;;;;;;11.17;6.39;0.147;0;0;0;0;2.3982;0.0679;0.0076;0.0556;12.13;0;0.0038;0.0051;0.0038;0;0;0;0.0084;0.001;0.0412;0.0092;0;0;0;0;0;0;0;0.0015;0;0;0;64.77
28_199;;;;;;;;;;;;;;;;;;;;;;;;;;;;8.29;22.12;0;0;0;0;0;0.3064;0;0;0.0087;1.3503;0;0.002;0;0;0;0;0;0.0004;0;0.0108;0;0;0;0;0;0;0;0;0;0;0;0;65.86
28_200;;;;;;;;;;;;;;;;;;;;;;;;;;;;12.65;7.92;0.1575;0.0151;0;0;0;2.0787;0.0718;0;0.1224;16.54;0;0.0036;0.0178;0.0096;0;0;0.0009;0.0035;0.0019;0.0546;0.0088;0;0;0;0;0;0;0;0.0028;0;0;0;58.53
29_7;;;;;;;;;;;;;;;;;;;;;;;;;;;;3.14;13.51;6.95;0.0541;0;0;0;0.0234;1.9081;0.0794;0;0.0741;17.02;0;0;0.0256;0.007;0.0015;0;0;0.0012;0.0015;0.0344;0.0053;0;0;0;0;0;0;0;0.0021;0;0;0
29_18;;;;;;;;;;;;;;;;;;;;;;;;;;;;1.9;8.41;22.47;0.1432;0.107;0;0;0.7856;0.3165;0.0277;0;0.1211;2.0284;0;0;0.0031;0.0058;0;0;0.0107;0.0162;0.0021;0.0188;0.0019;0;0;0;0;0;0;0;0.0027;0;0;0
29_25;;;;;;;;;;;;;;;;;;;;;;;;;;;;2.53;11.18;8.86;0.0314;0;0;0;0;1.8862;0.076;0;0.1161;15.08;0;0.0075;0.0241;0.0112;0.0046;0;0.0033;0.0028;0.0051;0.0585;0.0082;0;0;0;0;0;0;0;0.0035;0;0;0
29_32;;;;;;;;;;;;;;;;;;;;;;;;;;;;2.87;14.5;9.16;0.046;0;0;0;0;1.606;0.0758;0;0.0867;15.26;0;0.0054;0.0248;0.008;0.0026;0;0.001;0.0012;0.0027;0.0387;0.0061;0;0;0;0;0;0;0;0.004;0;0;0
29_386;;;;;;;;;;;;;;;;;;;;;;;;;;;;0;9.67;8.51;0.1129;0;0;0;0.0488;3.4988;0.1142;0;0.1988;20.17;0;0;0.0277;0.0167;0;0;0.0027;0.0026;0.005;0.0525;0.0117;0;0;0;0;0;0;0;0.002;0;0;0
29_2040;;;;;;;;;;;;;;;;;;;;;;;;;;;;1.73;9.11;21.52;0.0414;0;0;0;0;0.3251;0;0;0;1.7488;0;0;0;0;0.0013;0;0;0.0011;0;0.0134;0.0009;0;0;0;0;0;0;0;0;0;0;0
29_2105;;;;;;;;;;;;;;;;;;;;;;;;;;;;2.5;19.61;11.65;0.0307;0;0;0;0;0.7386;0;0;0;5.8155;0;0;0;0;0.0018;0;0;0.0007;0.0014;0.0336;0.0031;0;0;0;0;0;0;0;0;0;0;0
29_2124;;;;;;;;;;;;;;;;;;;;;;;;;;;;2.13;14.1;15.46;0.0624;0;0;0;0;0.6197;0;0;0;4.7196;0;0;0.0019;0.0015;0.0013;0;0;0.001;0.0013;0.0304;0.002;0;0;0;0;0;0;0;0;0;0;0
29_2309;;;;;;;;;;;;;;;;;;;;;;;;;;;;2.46;10.19;15.76;0.0745;0;0;0;0;1.3344;0.026;0;0.0833;6.2969;0;0.0038;0.0108;0.0048;0;0;0.0005;0.0009;0.0021;0.0213;0.0027;0;0;0;0;0;0;0;0.0009;0;0;0
29_2824;;;;;;;;;;;;;;;;;;;;;;;;;;;;2.23;16.4;7.12;0.0449;0;0;0;0.0435;1.006;0.0224;0;0.0167;9.73;0;0.0039;0.0082;0.0052;0.0039;0;0.0024;0.002;0.0033;0.0437;0.0062;0;0;0;0;0;0;0;0.0024;0;0;0
29_3016;;;;;;;;;;;;;;;;;;;;;;;;;;;;2.09;10.16;11.13;0.0801;0;0;0;0.087;2.4355;0.1342;0;0.346;19.82;0;0.0099;0.0297;0.0155;0.0017;0;0.0059;0.0029;0.004;0.0428;0.0066;0;0;0;0;0;0;0;0.0037;0;0;0
29_3047;;;;;;;;;;;;;;;;;;;;;;;;;;;;0;8.53;20.55;0.0324;0;0;0;0;0.7529;0;0;0.0197;3.2651;0;0;0.0024;0.0021;0.0007;0;0.0003;0;0;0.0238;0.0018;0;0;0.0042;0;0;0;0;0;0;0;0
29_3049;;;;;;;;;;;;;;;;;;;;;;;;;;;;2.44;14.25;8.12;0.1242;0;0;0;0;2.5379;0.11;0;0.2271;20.96;0;0.0083;0.0276;0.0156;0.0012;0;0.0014;0.0019;0.0063;0.0471;0.0084;0;0;0;0;0;0;0;0.0018;0;0;0
29_3712;;;;;;;;;;;;;;;;;;;;;;;;;;;;2.35;13.45;7.6;0.1137;0;0;0;0.0983;1.755;0.0721;0;0.1541;19.86;0;0.0102;0.0323;0.0133;0;0;0.0005;0.0014;0.0023;0.0351;0.0048;0;0;0;0;0;0;0;0.003;0;0;0
29_3986;;;;;;;;;;;;;;;;;;;;;;;;;;;;2.85;12.35;9.8;0.0934;0;0;0;0.0483;2.5499;0.0987;0;0.2923;22.98;0;0.012;0.0446;0.0168;0;0;0.0018;0.0025;0.0061;0.0419;0.0067;0;0;0;0;0;0;0;0.0034;0;0;0
29_4301;;;;;;;;;;;;;;;;;;;;;;;;;;;;2.24;13.26;16.54;0;0;0;0;0;0.3953;0;0;0;3.8797;0;0;0;0.0018;0.001;0;0;0.0005;0.0006;0.0174;0.0017;0;0;0;0;0;0;0;0;0;0;0
29_6334;;;;;;;;;;;;;;;;;;;;;;;;;;;;2.2;11.98;8.39;0.0911;0;0;0;0;2.2017;0.0944;0;0.303;23.39;0;0.0088;0.042;0.0189;0;0;0.002;0.0014;0.0043;0.0373;0.0059;0;0;0;0;0;0;0;0.0029;0;0;0
29_6335;;;;;;;;;;;;;;;;;;;;;;;;;;;;0;7.62;24.72;0;0;0;0;0;0.4522;0;0;0.0206;1.6448;0;0.0019;0;0.0016;0.0005;0;0;0.0004;0.0008;0.014;0.0009;0;0;0;0;0;0;0;0;0;0;0
29_7405;;;;;;;;;;;;;;;;;;;;;;;;;;;;2.83;11.46;13.97;0.0568;0;0;0;0;1.5932;0.031;0.0082;0.1053;8.73;0;0.0043;0.0139;0.0077;0.0011;0;0.0014;0.0014;0.0021;0.051;0.0058;0;0;0;0;0;0;0;0.0034;0;0;0
29_8386;;;;;;;;;;;;;;;;;;;;;;;;;;;;1.61;16.36;16.04;0;0;0;0;0;0.742;0;0.0096;0.0079;3.5805;0;0;0;0.0018;0;0;0.0003;0.0008;0.0014;0.0514;0.003;0;0;0;0;0;0;0;0.0011;0;0;0
29_8392;;;;;;;;;;;;;;;;;;;;;;;;;;;;2.32;20.55;14.01;0.0189;0;0;0;0;0.8878;0;0;0;5.223;0;0.0022;0;0.0026;0.0009;0;0.0003;0.0011;0.0019;0.0645;0.0058;0;0;0;0;0;0;0;0.001;0;0;0
29_8416;;;;;;;;;;;;;;;;;;;;;;;;;;;;2.13;16.11;14.93;0.0261;0;0;0;0;0.6114;0;0;0;4.0919;0;0;0;0.0012;0;0;0;0.0004;0.0012;0.061;0.0029;0;0;0;0;0;0;0;0.0009;0;0;0
29_8422;;;;;;;;;;;;;;;;;;;;;;;;;;;;2.47;16.73;15.23;0;0;0;0;0;0.7206;0;0.0087;0.007;4.3402;0;0;0;0.0012;0.0007;0;0;0.0006;0.0008;0.0485;0.0037;0;0;0;0;0;0;0;0;0;0;0
29_8423;;;;;;;;;;;;;;;;;;;;;;;;;;;;1.71;14.69;11.35;0;0;0;0;0;0.6731;0;0;0;5.5447;0;0;0;0.0015;0.0009;0;0;0.0005;0.0012;0.0508;0.0041;0;0;0;0;0;0;0;0;0;0.002;0
29_8447;;;;;;;;;;;;;;;;;;;;;;;;;;;;1.61;8.46;3.9489;0.0815;0;0;0;0;1.7154;0.0615;0;0.049;10.68;0;0.0046;0.0132;0.0072;0.001;0;0.0006;0.0014;0.0012;0.0283;0.0045;0;0;0;0;0;0;0;0.0019;0;0;0
29_9513;;;;;;;;;;;;;;;;;;;;;;;;;;;;3.08;12.5;7.17;0.0662;0;0;0;0.1336;1.6506;0.0516;0;0.0796;15.53;0;0.0057;0.0255;0.0136;0.0015;0;0.0007;0.0013;0.0023;0.03;0.0043;0;0;0;0;0;0;0;0.0024;0;0;0
29_10428;;;;;;;;;;;;;;;;;;;;;;;;;;;;2.33;13.78;9.21;0.1086;0;0;0;0;2.134;0.0976;0;0.1977;21.43;0;0.0086;0.0432;0.015;0;0;0;0.001;0.0063;0.0369;0.0047;0;0;0;0;0;0;0;0.003;0;0;0
29_10433;;;;;;;;;;;;;;;;;;;;;;;;;;;;2.13;9.48;14.22;0.0841;0;0;0;0.0759;0.7513;0.0471;0.008;0.154;6.2232;0;0.0051;0.0067;0.0046;0.0012;0;0.0069;0.003;0.0034;0.0285;0.0191;0;0;0;0;0;0.0026;0;0.0057;0;0;0
29_11568;;;;;;;;;;;;;;;;;;;;;;;;;;;;2.2;12.1;7.52;0.0808;0;0;0;0;1.6538;0.0588;0;0.0856;15.6;0;0.0044;0.0248;0.0111;0.0026;0;0.0006;0.0009;0.0024;0.0356;0.0053;0;0;0;0;0;0;0;0.002;0;0;0
29_11569;;;;;;;;;;;;;;;;;;;;;;;;;;;;3.07;13.96;7.84;0.1249;0;0;0;0.1939;1.7739;0.0735;0;0.0803;17.89;0;0.0059;0.0289;0.0132;0.0018;0;0.0006;0.0017;0.0028;0.0322;0.0046;0;0;0;0;0;0;0;0;0;0;0
29_11598;;;;;;;;;;;;;;;;;;;;;;;;;;;;2.42;13.39;11.57;0.0533;0;0;0;0;1.71;0.0672;0;0.0962;15.25;0;0.0081;0.0247;0.0086;0.001;0;0.001;0.0014;0.0031;0.0355;0.0063;0;0;0;0;0;0;0;0.0022;0;0;0
29_11670;;;;;;;;;;;;;;;;;;;;;;;;;;;;1.5;5.54;25.89;0;0;0;0;0;0.4991;0;0;0.0143;0.8972;0;0;0.0018;0.0014;0;0;0.003;0.003;0.0021;0.0362;0.0018;0;0;0;0;0;0;0;0.0015;0;0;0
29_11679;;;;;;;;;;;;;;;;;;;;;;;;;;;;2.14;6.12;25.98;0;0;0;0;0;0.3399;0.0364;0;0.0277;0.9231;0;0.0022;0;0.0017;0;0;0.0083;0.0082;0.0015;0.0231;0.0013;0;0;0;0;0;0;0;0.002;0;0;0
29_11681;;;;;;;;;;;;;;;;;;;;;;;;;;;;2.15;4.19;30.32;0.0237;0;0;0;0;0.5244;0;0;0.017;0.5712;0;0.0018;0;0.0009;0;0;0.0014;0.0014;0.0019;0.0478;0.0021;0;0;0.0045;0;0;0;0;0;0;0;0
29_11683;;;;;;;;;;;;;;;;;;;;;;;;;;;;1.4;6.67;27.63;0.0699;0;0;0;0;0.4494;0;0.0088;0.0582;1.1221;0;0;0;0.003;0;0;0.0065;0.0058;0.0022;0.0416;0.0021;0;0;0;0;0;0;0;0.002;0;0;0
29_11752;;;;;;;;;;;;;;;;;;;;;;;;;;;;1.83;12.82;8.09;0.2734;0.0251;0;0;0;1.5761;0.048;0.0153;0.1249;18.73;0;0.0094;0.042;0.0144;0;0;0.0009;0.0008;0.0039;0.0289;0.0041;0;0;0;0.0073;0;0;0;0.0045;0;0;0
29_11824;;;;;;;;;;;;;;;;;;;;;;;;;;;;1.51;13.71;9.09;0.0214;0;0;0;0;0.7189;0.022;0.007;0.0164;6.0212;0;0.0034;0;0.0012;0.0008;0;0;0;0.0021;0.0283;0.0023;0;0;0;0;0;0;0;0;0;0;0
29_12003;;;;;;;;;;;;;;;;;;;;;;;;;;;;2.18;10.18;17.34;0;0;0;0;0;0.5704;0;0;0.0361;3.4283;0;0;0.0027;0.0023;0.0008;0;0;0.0006;0.0016;0.0155;0.0013;0;0;0.0035;0;0;0;0;0.0009;0;0;0
29_12292;;;;;;;;;;;;;;;;;;;;;;;;;;;;2;12.03;7.98;0.0901;0.0099;0;0;0.1467;1.9287;0.0691;0;0.2092;20.72;0;0.0071;0.037;0.0177;0;0;0.0013;0.0015;0.0035;0.0316;0.0047;0;0;0;0;0;0;0;0.0026;0;0;0
29_12350;;;;;;;;;;;;;;;;;;;;;;;;;;;;3.41;14.21;11.61;0.0564;0;0;0;0;1.7523;0.0812;0;0.1675;16.96;0;0.0053;0.0297;0.0119;0.0023;0;0.0014;0.0018;0.0066;0.0493;0.0063;0;0;0;0;0;0;0;0.0035;0;0;0
29_12438;;;;;;;;;;;;;;;;;;;;;;;;;;;;3.05;9.45;15.53;0.0413;0;0;0;0.4076;0.4872;0.0331;0;0.0657;3.3796;0;0.0024;0.0033;0.0049;0.0007;0;0.0109;0.0177;0.0021;0.0238;0.0021;0;0;0;0;0;0;0;0.0018;0;0;0
29_13544;;;;;;;;;;;;;;;;;;;;;;;;;;;;;;;;;;;;;;;;;;;;;;;;;;;;;;;;;;;;;;
29_13750;;;;;;;;;;;;;;;;;;;;;;;;;;;;1.71;16.03;10.51;0.0198;0;0;0;0;0.8477;0;0.0074;0.0134;6.243;0;0;0;0.0013;0.0007;0.0004;0;0.0028;0.0027;0.1026;0.0069;0;0;0;0;0;0;0;0;0;0.0039;0
29_14434;;;;;;;;;;;;;;;;;;;;;;;;;;;;2.45;6.54;22.33;0;0;0;0;0.1503;0.3333;0;0;0.0299;2.0755;0;0;0;0.0039;0.001;0;0.0098;0.0072;0.0024;0.0258;0.0018;0;0;0;0;0;0;0;0.0018;0;0;0
29_14872;;;;;;;;;;;;;;;;;;;;;;;;;;;;2.55;7.04;13.68;0.0829;0;0;0;2.8994;0.7288;0.0363;0;0.0446;10.59;0;0.0039;0.018;0.009;0;0;0.0014;0.0243;0.0035;0.0144;0.002;0;0;0;0;0;0;0;0;0;0;0
29_15794;;;;;;;;;;;;;;;;;;;;;;;;;;;;1.87;13.09;7.22;0.1441;0;0;0;0;2.4286;0.0662;0;0.1179;19.5;0;0.0045;0.0356;0.0143;0;0;0.0007;0.0054;0.0055;0.0538;0.0092;0;0;0;0;0;0;0;0;0;0;0
